path,bytes,sha256,distribution
.gitignore,201,aad08ee231e3fc5b7c49d449a3d27a51d5755d7426b9528966206db907f0360a,git_and_release
ADVISOR_BRIEF.md,2083,3a7fdf4ace62639a1aedfc89210b58dce4d0008243ad9a454bc108f000ae6426,git_and_release
ASSUMPTIONS_AND_DECISIONS.md,2530,0f290607a66862f0463a32f7d73e71be0642965362e013ca1632a7aeed39bc60,git_and_release
CONFLICTS.md,5635,16553fe397fd4849e2cf2c4290fca6d24faa67fc4e78cc38ed8859f044d67b17,git_and_release
DATA_DICTIONARY.md,5209,08c4324bf4499046d5ac30e7d6fc1f0529e5a920eda5ed076f551b63226febde,git_and_release
manifests/download_manifest.json,128232,5b010afa92a4e60dface17010a9e0aef7625b0247738ea140b14f69138880127,git_and_release
manifests/source_register.csv,105578,2661f2dc5bf826df1a9960c98727fd42323301653f0080e5ac498e8a05d16f6e,git_and_release
METHODS.md,7572,54667966b5f8aa4f42d61a6be92869dd1b6e77717a2a2b4d2822275cc7c98152,git_and_release
processed/fuel_prices_annotated.csv,2634115,c073ada2de4483a23f2bc6b5bee27cfbee498b0fde2ddf8c923a0e9e2d0666b2,git_and_release
processed/gem_somalia_assets.csv,3765,c084b1113be1f302b6db9e59a01f09c2f3af84d82629c4e84e1d6fb731745e63,git_and_release
processed/geoboundaries_ADM0_units.csv,94,2ed4f4cd48c16a280ec92e97ee8fd7f2c812b1d940c599f5683d50ad43bac354,git_and_release
processed/geoboundaries_ADM1_units.csv,925,e51cac2fc17276e665e90aa27c539d542a0fedf774ba0d64db5a93a6c8c12696,git_and_release
processed/geoboundaries_ADM2_units.csv,5149,9188b846e790a2be16ce05868555147271f446045ac96424e518ebac103513ab,git_and_release
processed/irena_somalia_electricity.csv,1060715,e9bf995e43dee7c9f8e9898d59ab21f3829d103b4a55068fed597d2676a4b1c5,git_and_release
processed/kenya_input_schema_inventory.csv,6653,be1576c5239410747faee88bd896c62c159c669ed2a3567d137fd9e01d4ef237,git_and_release
processed/kenya_to_somalia_crosswalk.csv,8302,0275f7ba59498e3e256b376b4d0843415cc8308db7a388917561e6c677bce9ef,git_and_release
processed/nasa_daily_parameter_metadata.csv,4528,6a11bfd44b499f6cfe17dd8f333ca1c2ce6ba77ad444a6c5a654cf5596c33267,git_and_release
processed/nasa_daily_summary.csv,6685,4ecc7414cefb33e73745350bab7c394879cda44f37eda2e00b7093c8b6da258a,git_and_release
processed/nasa_hourly_parameter_metadata.csv,4528,5e06882e0b90991b2f9db1ac44513172d039c4d34a53fa99f75ea601eab8405a,git_and_release
processed/nasa_hourly_summary.csv,6747,75b79e8101ad03f548c379dfa973e5117cafbfca601a6521f1d23ecf4a27959a,git_and_release
processed/nasa_power/daily_baidoa.csv,558621,6fe94b0320536628c4184ea810a3e5fc238d978dc6503ffb2bea530f5eb83434,git_and_release
processed/nasa_power/daily_beledweyne.csv,586702,9f9bdbf94d28973ca11b1c0ed2bf1aa861682bb705739caab88f94a5099377b2,git_and_release
processed/nasa_power/daily_berbera.csv,576328,511f1a3c9235ee70af7c882eebe0a8fbf02f2453d2736f7fd71ffbe9577b0490,git_and_release
processed/nasa_power/daily_bosaso.csv,563483,db63888c2be7ceea3ae08a401ce056315908b12dff5405c504db080a26a2c4b2,git_and_release
processed/nasa_power/daily_dhuusamareeb.csv,613481,542138e4c30ff8263792ac0436cb1034e3245f104984907108bd209245bdcf9e,git_and_release
processed/nasa_power/daily_galkayo.csv,568059,55f5f6be0e794ef283275093f75bf86408cff1e0a1bf8add2c39418bc7a95d7e,git_and_release
processed/nasa_power/daily_garowe.csv,548640,49446ffa762db0252792137ecf22fdbd9f18af1370dc73ac1c1ab6c64f8c6e70,git_and_release
processed/nasa_power/daily_hargeisa.csv,577241,c2e21e6d4304494969bbfd9a8b38693ec593738da05ff5f31ad55a17e779f167,git_and_release
processed/nasa_power/daily_kismayo.csv,578759,05a9980fbb620c700e4362b1d2bf42da7374b67be4151ecf43f6bd21bc12fdd2,git_and_release
processed/nasa_power/daily_mogadishu.csv,586025,43c8dda628155a398eeaf70068b41ea98e5bdb93eadee89514fefcd89f1acee3,git_and_release
processed/nasa_power/hourly_baidoa.csv,537941,2e3ece59d6c013ee3bb976adcabd5b7ad6efa6268033ab4fef5dd334944ab856,git_and_release
processed/nasa_power/hourly_beledweyne.csv,563671,19f92e4c8eb82d33af8370921b22fbe92824b2ffbae998aa29a03f4bc8094317,git_and_release
processed/nasa_power/hourly_berbera.csv,555002,368f3414218d1a36e48a1fbbdc0802c509846637dc7549c5b932e1f995910e0c,git_and_release
processed/nasa_power/hourly_bosaso.csv,544046,c88e4fa942694cf4789c8c80c153527519fd9b0a1149bb4785831eaf456de3c5,git_and_release
processed/nasa_power/hourly_dhuusamareeb.csv,590480,927303d63bf757229278de5833c7c312bec33435fdae35976cf1ed52b0505f47,git_and_release
processed/nasa_power/hourly_galkayo.csv,546993,7d94dc61567269aa568afc679fcb4d55dded00a4b914abad647c63e209122ad8,git_and_release
processed/nasa_power/hourly_garowe.csv,529141,d5dc46a3f42566035659abf9dbb5ecb812c7e99ae69f194c4896e6ee574369bf,git_and_release
processed/nasa_power/hourly_hargeisa.csv,556098,5716f0990e20ec901d1758b27f7be967c8bf4ff7cfab4c44a557b1e1436287e6,git_and_release
processed/nasa_power/hourly_kismayo.csv,557066,1e0b11fefb9b949b8d49f2defc2842291acb1a6662c4b9f79e42a393058c9c03,git_and_release
processed/nasa_power/hourly_mogadishu.csv,564399,744142b145662ec5a1a8c30c7a20da6dc10aaf9c06b7547a3664ac92fac0118c,git_and_release
processed/priority_data_requests.csv,4436,63e1a40b4a86ebd442ac8f4556277fc69f674a7c6bc472a3ced1c80d70417d51,git_and_release
processed/resource_sampling_sites.csv,1282,980d176679fb06e7457fcdbeaf4bb521e5773f2c4d58f487c4a6b368786e3c8b,git_and_release
processed/solar_country_workbook_cells.csv,13201,b6f320660b9329ac8fefdf0a0ccfcb7a1cdf000a70b1bba6ef62bf183df393f8,git_and_release
processed/solar_resource_summary.csv,12282,5d963c0e5bc48b774e5c8c71db95273e07265098fdbfd5a0fe9a191c39ca0e69,git_and_release
processed/world_bank_availability.csv,13245,aa1ce4b3a2742f84908349cc0f7c5d4e9895f13fc0bc1fede64220dd0b59cdae,git_and_release
processed/world_bank_indicator_metadata.csv,46481,cbdeaa4c730cd61c4cb6dce7deef732fcc8d532bfb2fbf8f84c39c9f0a487d70,git_and_release
processed/world_bank_observations.csv,902157,e585242e6065b0fbce68b934af6f8d0980ac9596560fe54a48e66b69bb4f6c73,git_and_release
raw/gem/count.json,13,1499080957f351e73617fbd5e34aecb32e1d1f14e99056be11ba70a8c3cf3632,git_and_release
raw/gem/count.json.meta.json,846,165fa735db54c2a30e1c150fdd2286794389e7649b0b7b66cc4b5f126a3ccca5,git_and_release
raw/gem/distribution.json,10127,8f544a8f84b320c6b689fed8aef5543f688304ef9ecfd7c8d390fbfbc334a27c,git_and_release
raw/gem/distribution.json.meta.json,740,a5ecb5b7447f992b4cd1000d5306cf4009964b1c56e61975d89815e3eb3b92ec,git_and_release
raw/gem/layer.json,23606,4389657cd1b7311da91cdf6f8216c4275e4ea66d9e80af02ee66c892986b5d44,git_and_release
raw/gem/layer.json.meta.json,791,c2d510fabf057cfeb8b95027ab8af72cdad7c5ce07b385c0f8c18fa81e3c35de,git_and_release
raw/gem/somalia_assets.json,23708,41c957398a492eb13f4afb5b3238dc589302da0078b2fd3e1952aa1866f1bbaf,git_and_release
raw/gem/somalia_assets.json.meta.json,1089,70f61152c116e629f6dacecfa9b61fb038bbc98187216248f97e78148b2af138,git_and_release
raw/geoboundaries/ADM0.geojson,78278,ae7cda4305b463a3a75bec0f7c5486a2abe30b88f98022b20d8b70ad7ebf8642,git_and_release
raw/geoboundaries/ADM0.geojson.meta.json,960,07f3ab436fe5ab85e678658a7a70462e9d6c750683e69f9663c6557f946e9da8,git_and_release
raw/geoboundaries/ADM0_metadata.json,1805,97ec3e65a0cac5b25eb6e1eb5a749e91e391cc650029a92fd4559f50f696c3ac,git_and_release
raw/geoboundaries/ADM0_metadata.json.meta.json,718,3dfed1831d5a95d5bc1ec12af8013579f0ac1f31dbc3b2c7740461279a87b222,git_and_release
raw/geoboundaries/ADM1.geojson,87302,a3d87cc4bc6f6d32b40862c34efd325ae61fc22c092c81597e8c49c20c681910,git_and_release
raw/geoboundaries/ADM1.geojson.meta.json,889,0c8e2c696fae36fafeb9e0ec500815df6a45dc8418a86444302d78b6434a4349,git_and_release
raw/geoboundaries/ADM1_metadata.json,1725,c77974e12ac283546318a43849a7463f9e56c48129834eadcbf4d3cc589afdf9,git_and_release
raw/geoboundaries/ADM1_metadata.json.meta.json,718,3790bec79de0bd3701da9c4253aa32048b54485199302b4c5c7d713c0624b277,git_and_release
raw/geoboundaries/ADM2.geojson,183671,fda57ec0acae5d43ab60523ba65283ce0923dfc52dbe2aebb2e600afe8015009,git_and_release
raw/geoboundaries/ADM2.geojson.meta.json,922,c658b73a90698560db020d30f05ee02b664b919a0796243d1361b90f0b29d2b0,git_and_release
raw/geoboundaries/ADM2_metadata.json,1742,f06d457bc9ee3b147122a4d4747bedd29c5fd08912fd571b1e16772a2df0406f,git_and_release
raw/geoboundaries/ADM2_metadata.json.meta.json,718,1c408554f4e59eb75d46eeb35c53d5225619bbd2a7200d0c424ed09e3e8add16,git_and_release
raw/global_wind_atlas/retrieve_gwa.py,9783,d57d55b4a67a5c5e5aa69b22d7702b291e9e8584164826fd1747cd39957f863a,git_and_release
raw/global_wind_atlas/som_wind-speed_100m_gwa4_20260928.audit.json,1976,3bed34ef4d73794cd2f1b36d84e48cb039a4bdd957deff3a5f506b3f804f3b87,git_and_release
raw/global_wind_atlas/som_wind-speed_100m_gwa4_20260928.provenance.json,1358,aaf820bb75cd1ebad4ca1ef2a63f0d39cc75ed57210be7b4e1f0f3300e9cfbb4,git_and_release
raw/global_wind_atlas/som_wind-speed_100m_gwa4_20260928.tif,54469571,9d2dd6013ab0e2da38d420f861b83ca8b26a34150b86bbb6193c011766fc98de,release_only
raw/irena/catalogue.json,870,df98624747ec395242cff059b40954dd2fafbec15122eb9c23e5d5e3c5692389,git_and_release
raw/irena/catalogue.json.meta.json,780,2f69820f8e99f0fb5df75b8f588dad8a0a9908d614bc2aaebaded79a40ff3f61,git_and_release
raw/irena/dimensions.json,5327,bc3bf02f6be0d917c219b0855d3d16aab9e286f80271d8a39985a0af7abad8bd,git_and_release
raw/irena/dimensions.json.meta.json,895,d6381df13e3b4099d037f411ffeacf439eea676b0ab2e17449d178834550c074,git_and_release
raw/irena/somalia_electricity.json,65652,be3909be8ebc9a49ae8b6079c16ccb1b2c8deb513475418d658d4fb6421ab1c2,git_and_release
raw/irena/somalia_electricity.json.meta.json,2879,2a334503e4763119843fd7f78689315144ddaf8f7c5efa4256af8bacb9605f3a,git_and_release
raw/nasa_power/daily_baidoa_20010101_20251231.json,906418,427a19d7152adb7562b75d4feaee40db442181def305a1b9474c142bd74a9b4b,git_and_release
raw/nasa_power/daily_baidoa_20010101_20251231.json.meta.json,1105,67bb6d75d244ad11b378bbecb7431b293318b4c4d2b466afa0daf8b566352a51,git_and_release
raw/nasa_power/daily_beledweyne_20010101_20251231.json,907105,b810adba1ef9bfe7f135f3607f22886f9ae78cf647e2e88e4a5efd3cd2732697,git_and_release
raw/nasa_power/daily_beledweyne_20010101_20251231.json.meta.json,1111,fb945e8a039a145d9d08ad416023cfebd0ffe235790225683b5004acb6e46621,git_and_release
raw/nasa_power/daily_berbera_20010101_20251231.json,905864,5c0996754697d26cf6d67c39895c2274ca869405dd87928bb963abdfd68abcac,git_and_release
raw/nasa_power/daily_berbera_20010101_20251231.json.meta.json,1109,e49516b84a2f98d377d6c7cd29bc34410175d77c15589bd150a71f639c220607,git_and_release
raw/nasa_power/daily_bosaso_20010101_20251231.json,902149,f2867e7a66ddd834f963e12d634d6f3cd416be685c506541a331f5746c0f72d7,git_and_release
raw/nasa_power/daily_bosaso_20010101_20251231.json.meta.json,1107,4ecee237578fe28fb9d1504f1f65110f52051b931c2227f72e25b3d2b418de06,git_and_release
raw/nasa_power/daily_dhuusamareeb_20010101_20251231.json,906492,6f393c4d2bdcb1482ef26500cf70840109f2cfaadb076f4db36da1b3789e0dfe,git_and_release
raw/nasa_power/daily_dhuusamareeb_20010101_20251231.json.meta.json,1117,158cf3bf2637a42941c2bddcb44d0693a09714f85289c061d3362e20ff5252ab,git_and_release
raw/nasa_power/daily_galkayo_20010101_20251231.json,906725,1f7992d7285a7b55b8821ac0cefb6d78321ee8ece2ec72c50fed1a6db656f12a,git_and_release
raw/nasa_power/daily_galkayo_20010101_20251231.json.meta.json,1107,8769c23525bb909c984797665ee5c3bca6bd55c377becb8b99f8830685e132dd,git_and_release
raw/nasa_power/daily_garowe_20010101_20251231.json,905566,26367aad234411de1f3aacc8f9a3b6203f183e325da6141814d54b324aea3328,git_and_release
raw/nasa_power/daily_garowe_20010101_20251231.json.meta.json,1103,bb8e13e7d7591609847e0405be0aebd82f57680fb42ac43b284dc7083c69a4df,git_and_release
raw/nasa_power/daily_hargeisa_20010101_20251231.json,906777,e3a61b90962ec400d3418df1133671ff3b04a30f967ed0beba800709f4711454,git_and_release
raw/nasa_power/daily_hargeisa_20010101_20251231.json.meta.json,1109,e580f132d5b99aa041276cbd2eadbb722f6371d0d8226d044d38e085da6c4db7,git_and_release
raw/nasa_power/daily_kismayo_20010101_20251231.json,908293,4278bba3115dc0608d40a8a23004fe2b94e1e6a63883bab02e72d6bfddb5c635,git_and_release
raw/nasa_power/daily_kismayo_20010101_20251231.json.meta.json,1109,6bd8ce648b3434c872a3d5c2b5a0b429da9d3618623c22612d689462768571e4,git_and_release
raw/nasa_power/daily_mogadishu_20010101_20251231.json,906428,da8aa1bd6002a93f2f6e72e19f21c1ae6c9a0b0aa68773065675aa646d33240a,git_and_release
raw/nasa_power/daily_mogadishu_20010101_20251231.json.meta.json,1111,91268ed048c889a205555670c4f17b1ef91f8db73a81a88a8ba1456b459a9900,git_and_release
raw/nasa_power/hourly_baidoa_20250101_20251231.json,959236,838dc4252a571d8ba9f1649e489113b44844dcd603e0f7e7fcf73f1eadf7fecd,git_and_release
raw/nasa_power/hourly_baidoa_20250101_20251231.json.meta.json,1109,5028cee0ebef79b6258b1a1b0a154aad949ef34dcaa053ebea623586decade75,git_and_release
raw/nasa_power/hourly_beledweyne_20250101_20251231.json,958685,a37bea8ce4fbeabc08090a722f6ecaeae4a7e3b06ed41f762a9090b6f843aea3,git_and_release
raw/nasa_power/hourly_beledweyne_20250101_20251231.json.meta.json,1115,6112490c1123d42750a61178ef6eecc4ee8f640e64b3cb3e372a55be0c897b20,git_and_release
raw/nasa_power/hourly_berbera_20250101_20251231.json,958778,9706400f1d2677bb52c0ca5252a6ce98098b4e09d821e3b4277fc6ef6bfef2e4,git_and_release
raw/nasa_power/hourly_berbera_20250101_20251231.json.meta.json,1113,bc11cf04f14c34156a327e8ca9deb25205b86228d9df153c8cdb852a9a1319ea,git_and_release
raw/nasa_power/hourly_bosaso_20250101_20251231.json,956582,1fcee2d98f9a6b88d9cc05a3570f611a1f207aece1862f42407b34268a621ffa,git_and_release
raw/nasa_power/hourly_bosaso_20250101_20251231.json.meta.json,1111,dcb602c42c102c69fcdbcdefbef6f761433dd12b6f99ac34f464f4197d08ddb3,git_and_release
raw/nasa_power/hourly_dhuusamareeb_20250101_20251231.json,959215,0b25526afcb3f75f6b65845cf9867b553ace9279e298165b6cf1bdc6e3898181,git_and_release
raw/nasa_power/hourly_dhuusamareeb_20250101_20251231.json.meta.json,1121,a28b41e1e892ad34b00379003ab2b70b65a9185b250adbdb2a6b069e6251f8c1,git_and_release
raw/nasa_power/hourly_galkayo_20250101_20251231.json,959528,2b95b6ad670fd883a46846d287e91ad8a1f18894e780f561bb25904512e2a3c6,git_and_release
raw/nasa_power/hourly_galkayo_20250101_20251231.json.meta.json,1111,ea0b084828ad7f29412ac81ace3ee7da017aa4e9032ff62417902fdd42c3cb8c,git_and_release
raw/nasa_power/hourly_garowe_20250101_20251231.json,959195,75acb60aa5a815da54c5a453a339f6d2854b3c9a598aa82ac3dd6d52959ff278,git_and_release
raw/nasa_power/hourly_garowe_20250101_20251231.json.meta.json,1107,8f372b5a818560d46584b54b3fdf2e34a62e2a70ff12f82a6255c598dd6f0b94,git_and_release
raw/nasa_power/hourly_hargeisa_20250101_20251231.json,959874,a77b3dccd5270f96a446a1f517dc005a680509a4a61f593b14e760e6f8684568,git_and_release
raw/nasa_power/hourly_hargeisa_20250101_20251231.json.meta.json,1113,fb6d54e0ad3b0250251ba5526ee29fa9bd842e75a947176e19685c36cd46c4e7,git_and_release
raw/nasa_power/hourly_kismayo_20250101_20251231.json,960840,1761493bc39ab4c87fbd03485d4079e8308ef2cbe6e48e5e3d8e15192792ed76,git_and_release
raw/nasa_power/hourly_kismayo_20250101_20251231.json.meta.json,1113,5541cd2df5bcf3b2dc6028f1a255b40427df823f7f48787141b5ae84110b586a,git_and_release
raw/nasa_power/hourly_mogadishu_20250101_20251231.json,959412,d6deb5928508da47e1c6f473009d7566642e7ec0a79999d1a554ab49a1a41b16,git_and_release
raw/nasa_power/hourly_mogadishu_20250101_20251231.json.meta.json,1115,8839a62538c205fc617e0890edb00f90133715d14a3ad9885481c60f51c0e23d,git_and_release
raw/solar/solargis_pvpotential_countryranking_2020_data.xlsx,129014,8a73d15c8ad1e8c8f82bb3b879ac8b34143a420b2b45ba37722394104a63696d,git_and_release
raw/solar/solargis_pvpotential_countryranking_2020_data.xlsx.meta.json,887,3fb17398918036d2d95105f2b6319711b4add2ebacabed9458d44b6790324a19,git_and_release
raw/world_bank/AG.LND.AGRI.ZS.json,15566,14c8ed9b32f3607f52c0d53f5fbd2d0e97ef56558247a7ff394933e274d5b8b0,git_and_release
raw/world_bank/AG.LND.AGRI.ZS.json.meta.json,831,e43f6826fd3c5f74a33f1ce52fdbcee827f7d446ad583947266860e3162445c9,git_and_release
raw/world_bank/AG.LND.ARBL.ZS.json,15171,3f3b7b878c7b1d2b65aa1499fb016263c1935dd7ecaf595b2e853584622fd3d2,git_and_release
raw/world_bank/AG.LND.ARBL.ZS.json.meta.json,831,16e007845690ced11143de9e61e1245dcb10fdd59ad6413e043e6da28f2dae12,git_and_release
raw/world_bank/AG.LND.FRST.ZS.json,14817,34464910452e20286ff3912fdaa4ffcec58d6ef2f3a6dabc9be9c2110a0aeda8,git_and_release
raw/world_bank/AG.LND.FRST.ZS.json.meta.json,831,4022858b0c562552aec33cc9d4973745ba78c4c9f6c2b2e441a165992dc3f71d,git_and_release
raw/world_bank/AG.LND.TOTL.K2.json,13881,ed4f1f86a573fa91af654a65fb25b633f74f7040409eb4ccbf279c065c6a2b77,git_and_release
raw/world_bank/AG.LND.TOTL.K2.json.meta.json,831,eeb823c5ccc49e3a4a788bddc5e5c91c7a5b7a7c372a3246916f38cc88c394d9,git_and_release
raw/world_bank/BX.KLT.DINV.WD.GD.ZS.json,16915,4e9ce614a335405a60016dfa6e0bf17251a275563200abdfda7b909bb1c00274,git_and_release
raw/world_bank/BX.KLT.DINV.WD.GD.ZS.json.meta.json,855,59dd39e7f20d14bb893402056ea2ca05560ea9e93ce84383a6add8b48fe69487,git_and_release
raw/world_bank/BX.TRF.PWKR.DT.GD.ZS.json,15729,41bfeaee9e210c0eaf4892558d4285e3e01f1e501729a5e2f29ef83c3c4f5163,git_and_release
raw/world_bank/BX.TRF.PWKR.DT.GD.ZS.json.meta.json,855,dda4d4046c27e789c265d2261efd1d9ab99bb8d5b6871cf141741ca720f9b023,git_and_release
raw/world_bank/EG.CFT.ACCS.ZS.json,17030,1b10b2944fcde66d437b3ccdf741ee2fe265653cd383cf05ad10be6fdc34317a,git_and_release
raw/world_bank/EG.CFT.ACCS.ZS.json.meta.json,831,0960e97c5315b873d19f35dd16dd57934f872c521b50ef053e416356b7632680,git_and_release
raw/world_bank/EG.EGY.PRIM.PP.KD.json,16726,7c1ef3df62e354425ca5c38b88d6257a4fef3c2a047800d90b0c5c039ac404c4,git_and_release
raw/world_bank/EG.EGY.PRIM.PP.KD.json.meta.json,843,8a8166761d38d7215f8c2efac643b2c6941d9d5157d57ed03765436e642a1946,git_and_release
raw/world_bank/EG.ELC.ACCS.RU.ZS.json,16194,e258d1e965b4e20b5708cd1b8c52ce919245e5a4ccc9d00f5750b0cd0ac4f12e,git_and_release
raw/world_bank/EG.ELC.ACCS.RU.ZS.json.meta.json,843,4b664b52184d33b62c1a5a7afe8c1407e50dc7608051b2b70571a356ae7bb388,git_and_release
raw/world_bank/EG.ELC.ACCS.UR.ZS.json,16191,20c916fe427392a04ab67bcff2a522c1d85e1a89199f9e50c54dafb563a20f58,git_and_release
raw/world_bank/EG.ELC.ACCS.UR.ZS.json.meta.json,843,079d540219d0b97242d815d899d9493e1576fd95205a877e37b7fd88cd5bbf27,git_and_release
raw/world_bank/EG.ELC.ACCS.ZS.json,15133,cb4efc39dea4104ba98cb74663d52b6b743672fab5c78a211d4d697b45033b17,git_and_release
raw/world_bank/EG.ELC.ACCS.ZS.json.meta.json,831,bdddf5965774ba86267ad047ce5d8a018d2cb8ca4eb0456a01d136e0a287434a,git_and_release
raw/world_bank/EG.ELC.FOSL.ZS.json,17031,c1770d6845338e4dad5b60aa58d94cd53e3d57a5d552b13c0f5129733d81f825,git_and_release
raw/world_bank/EG.ELC.FOSL.ZS.json.meta.json,831,88c6735f884c8f4ade6d45615991f5c81917d41ae4b26f3341ec1df4bcc90303,git_and_release
raw/world_bank/EG.ELC.HYRO.ZS.json,16593,5bcd0f4f5bf113c734050f71c8297fcf5dfcc2e874c02e2b8058ed62d37845d6,git_and_release
raw/world_bank/EG.ELC.HYRO.ZS.json.meta.json,831,123024c95b9e05995a9e6ce29db866266667e77a6662bbfde937a38394f36699,git_and_release
raw/world_bank/EG.ELC.LOSS.ZS.json,16857,26e9494812843cfe19da454a8d565ea5f6a9cdba4dd66bac1fe0d0e9295f85a3,git_and_release
raw/world_bank/EG.ELC.LOSS.ZS.json.meta.json,831,b269f4f01a723bd3f9bcb6b4dbf56d644f405fb69c3d440c17b76a2d05f3692f,git_and_release
raw/world_bank/EG.ELC.PROD.KH.json,102,f230e5b6d8f652aa544aec29624faa117c27571ce309a7a474584e1cfeb45c1b,git_and_release
raw/world_bank/EG.ELC.PROD.KH.json.meta.json,829,93e19faec180b87897bc475fd1a6d3eaef50e1f45d38cc464074be20350af1c0,git_and_release
raw/world_bank/EG.ELC.RNEW.ZS.json,16610,70496cf6586df8f4ffe4f7a105339ab4769b6c55d244fe0c8d31f970d5d22b7f,git_and_release
raw/world_bank/EG.ELC.RNEW.ZS.json.meta.json,831,6ba857a93332c13cd5583dd8b46f49baa8c7b0b491fde1ca1b4157aae5698c54,git_and_release
raw/world_bank/EG.ELC.RNWX.ZS.json,18128,0cba9f12fd0066d9ff72082c6ccaeaabdb265bdfa94f2eed39f04be91be058b2,git_and_release
raw/world_bank/EG.ELC.RNWX.ZS.json.meta.json,831,09b295032ef8710a7e6560980b63adc7d252f0652af54fa78a4885d70561d993,git_and_release
raw/world_bank/EG.FEC.RNEW.ZS.json,16915,2745b56a0c63c3acdd42d46942f647d61d5ac9112b3b2affc2e9bce16ad0be78,git_and_release
raw/world_bank/EG.FEC.RNEW.ZS.json.meta.json,831,ce811ccc6da55cb89e19de8005ba746744eea133cfc4b072928fa1ad200cc310,git_and_release
raw/world_bank/EG.IMP.CONS.ZS.json,15009,fa5d4138838ae1fc676e962ce068aac433efea1638f551dd508e60896e68cfe3,git_and_release
raw/world_bank/EG.IMP.CONS.ZS.json.meta.json,831,c795b10f8ecd80e21bc5742ca4e35ead9625d84996e33a9c607d7792f2e5d3c4,git_and_release
raw/world_bank/EG.USE.COMM.FO.ZS.json,15603,f465e646fbb370bd2dfdc724d99bd64a359d2b46abfbd2d79d14b47f6ca39018,git_and_release
raw/world_bank/EG.USE.COMM.FO.ZS.json.meta.json,843,dd32b13a281910648ba511c78d8a68bd2255f6a06d3e887fbb3fa2100a174063,git_and_release
raw/world_bank/EG.USE.ELEC.KH.PC.json,15603,4edd4063e67130fdd47abb880b050d6863e274ada545360d22928f41bf8769a8,git_and_release
raw/world_bank/EG.USE.ELEC.KH.PC.json.meta.json,843,52825a3746bbea55589b43a041a9aedcb9a44cbebfa34de47b1890b4ababba4c,git_and_release
raw/world_bank/EG.USE.PCAP.KG.OE.json,15669,35fbcd953467c456592c92be19f33a3213d1139cc84c6daa9e9f2549595261b1,git_and_release
raw/world_bank/EG.USE.PCAP.KG.OE.json.meta.json,843,180225fd8d61d04a22d6ba3755d0cca3b2855376d5952d7f74ceaefd82a8245c,git_and_release
raw/world_bank/EN.POP.DNST.json,16487,67b5648b6cfd46eafd8eb272df8d2222ff46a8030cdc12086ce70a9b11d7fde7,git_and_release
raw/world_bank/EN.POP.DNST.json.meta.json,819,29f34aa4c9607418ac01bee20dd7811ef0bbaa8658cafc30cc13e67986a2a8e0,git_and_release
raw/world_bank/ER.H2O.FWTL.ZS.json,17046,b110983dba18f0262dfe17ae4894d569ecd6a1f3794a5f7c7e88f58554e325cf,git_and_release
raw/world_bank/ER.H2O.FWTL.ZS.json.meta.json,831,00b50537aa9ff207a5f1e70f3fdb2caf661445880a3e2ee87eb8f4e3a3265b3c,git_and_release
raw/world_bank/ER.H2O.INTR.PC.json,17597,6a0d95182e48934fbba607e075256b39f550475bc7d10a4d9a9290cbf9b625f9,git_and_release
raw/world_bank/ER.H2O.INTR.PC.json.meta.json,831,a0d3cea2f7e990d77588924d58b14fdd5f1c4671c2cd475d02e8148b53da2424,git_and_release
raw/world_bank/FP.CPI.TOTL.ZG.json,15009,d951d3cc869e3f6b911c3ec75280784396bfa00af48a2cd3cea4d644b151880f,git_and_release
raw/world_bank/FP.CPI.TOTL.ZG.json.meta.json,831,b8c42f67190e576bde39836adfb38b8fea4291596c15bb3e1604447aaf04e491,git_and_release
raw/world_bank/IC.ELC.LOSS.ZS.json,189,a0933d376ff6b8789c33c2926d044a541b7ab22e8e85c45bb882c60721f6ddbe,git_and_release
raw/world_bank/IC.ELC.LOSS.ZS.json.meta.json,829,ef62e05f6dae4117c4a561c54bb3d7034c46d337f70d1f8090bb6c54c83ab0cd,git_and_release
raw/world_bank/IC.ELC.OUTG.json,102,f230e5b6d8f652aa544aec29624faa117c27571ce309a7a474584e1cfeb45c1b,git_and_release
raw/world_bank/IC.ELC.OUTG.json.meta.json,817,e92da3a811de48c729d1f7d71817ef2c40524a6032cb507f89088ffe4d68b17d,git_and_release
raw/world_bank/IC.ELC.OUTG.ZS.json,15874,2c54ea4484296ad380a9c6c2be34181ab9e2026ec5915fcc3e0199beb4e5220e,git_and_release
raw/world_bank/IC.ELC.OUTG.ZS.json.meta.json,831,4b84b4a8dbfff65e85340b86dac455138697554e7e0cb7d562272ff66383f133,git_and_release
raw/world_bank/IC.ELC.OWNG.ZS.json,189,a0933d376ff6b8789c33c2926d044a541b7ab22e8e85c45bb882c60721f6ddbe,git_and_release
raw/world_bank/IC.ELC.OWNG.ZS.json.meta.json,829,f01ba32f6a3f65b3e33cbbe92cdecc45a487e4de6b6b04ae7e2eaec1b8020ef6,git_and_release
raw/world_bank/IC.FRM.OUTG.ZS.json,17052,9ba3fc06175944728b771f98b941de284a310f62ad7749bcc72db217541fda67,git_and_release
raw/world_bank/IC.FRM.OUTG.ZS.json.meta.json,831,b731f7fc70bf3fb06b4f777b4221473cba306ba48d0bc5117ad59e35ed78f333,git_and_release
raw/world_bank/IT.CEL.SETS.P2.json,15805,1c3bf730688b948ca772623de2954771793366171bd15b83d09b77d096caeb20,git_and_release
raw/world_bank/IT.CEL.SETS.P2.json.meta.json,831,a93f91cd1606e9c9637c7ea4235e57a759e5e15cbcd25c3199111d9b1b6b2c3b,git_and_release
raw/world_bank/IT.NET.USER.ZS.json,15888,a51d02fb10257d58a957acb4f14d958b2ccd87b20e7a5b3eeedad6a26967d674,git_and_release
raw/world_bank/IT.NET.USER.ZS.json.meta.json,831,bf829d3cb338db361658c0de6be661a7d9c85a294364317f334a719872e88239,git_and_release
raw/world_bank/NE.EXP.GNFS.CD.json,15900,835eee79a9482d6c539dd2837458f7b55240e418283c4630c9383ed7aab78a57,git_and_release
raw/world_bank/NE.EXP.GNFS.CD.json.meta.json,831,182ffa91bb2972f7709a99b82c144c517c1472bea7c2569a5147ffd4003b7ee0,git_and_release
raw/world_bank/NE.GDI.TOTL.ZS.json,15344,c45e7fbac5f1e8a403dbbd4ed14391ba2af88d43c1ee7e48594ab6627592cccd,git_and_release
raw/world_bank/NE.GDI.TOTL.ZS.json.meta.json,831,6062d906a5ffd7435156258b04326155a0bf92248d36a668c1fe1c6dea53ea60,git_and_release
raw/world_bank/NE.IMP.GNFS.CD.json,15901,e26002867ce3b2c192b8028acefe44e0e62601b3788b5cbf6ec5e4104e64db70,git_and_release
raw/world_bank/NE.IMP.GNFS.CD.json.meta.json,831,e887e492b7c372976707b8bf4acc364c89f1e71bb375e61528c7b366342a9ed8,git_and_release
raw/world_bank/NV.AGR.TOTL.ZS.json,16760,1105e67c095ab994ddc92647b983cb8dc4829dcdea1f7a662f77bc65cc4c3463,git_and_release
raw/world_bank/NV.AGR.TOTL.ZS.json.meta.json,831,62df186f377bfaac4204df216aa203a4004d9568fb99c1481d86747e726b61f7,git_and_release
raw/world_bank/NV.IND.MANF.ZS.json,15374,ee7b20fee50fab4aaa07f3f276b8f67715f82108b413e9d3efbc252410e1e7e0,git_and_release
raw/world_bank/NV.IND.MANF.ZS.json.meta.json,831,d03c925ca19deea1f95fc1c8922dd74556943cfc71dc58b920ac94b068e6b4ef,git_and_release
raw/world_bank/NV.IND.TOTL.ZS.json,16650,1e840f414f87bd7ca11f15ea6343ff1a6bb9184f48505a47d2002efb24642487,git_and_release
raw/world_bank/NV.IND.TOTL.ZS.json.meta.json,831,cdf9703e6a361ac80b5a6ea87567b48bb836cf8a29289713e91b034df413caa5,git_and_release
raw/world_bank/NV.SRV.TOTL.ZS.json,14679,cb70f0feae6ff28950ceaddecdac2d3102add7c350795b770da385e3de5f821b,git_and_release
raw/world_bank/NV.SRV.TOTL.ZS.json.meta.json,831,16e5b7a2e4edc06c4ceca6ab90ba637a5f3987de216b9f34a86f0ebf4bd4a309,git_and_release
raw/world_bank/NY.GDP.MKTP.CD.json,14431,d10e32608ffc976fee8fb50045d57525fe06e50442e5318707903d9b06c6d535,git_and_release
raw/world_bank/NY.GDP.MKTP.CD.json.meta.json,831,bc67b5350424709211c2c5af65e56c9bd79b911abccb1a7fe0dae1d4e47d480f,git_and_release
raw/world_bank/NY.GDP.MKTP.KD.json,14867,ebf5d20961960d7c1b641c0a02fc1b3f1a280189208d3b0c16cdac104ecdbddf,git_and_release
raw/world_bank/NY.GDP.MKTP.KD.json.meta.json,831,692e3f81b2277eb361e96fb39d699b743644f74785be7936996a006507e65b44,git_and_release
raw/world_bank/NY.GDP.MKTP.KD.ZG.json,14938,c2b003862a7933a8e5209a445b249fd292a0a9ac322c2151632da5e747b8648d,git_and_release
raw/world_bank/NY.GDP.MKTP.KD.ZG.json.meta.json,843,20d4bf3a8c9e5ef43dd9ba6a938381884832129689a30031f3f114de0de28bc1,git_and_release
raw/world_bank/NY.GDP.PCAP.CD.json,15203,12b6afdad1ac6aab71703d221f481ecccf89293aa68604deb3eb1bf7667127d0,git_and_release
raw/world_bank/NY.GDP.PCAP.CD.json.meta.json,831,b4996b4c57482cac730ba10cf3ae4ef133a749b6972aa6ebc11546bacf847dc4,git_and_release
raw/world_bank/NY.GDP.PCAP.KD.json,15598,20bcbe0425b70564a1e865cee58f3a1f2a3f25de21d030277421f596d4b8c521,git_and_release
raw/world_bank/NY.GDP.PCAP.KD.json.meta.json,831,21ee565f77ae79a2f5f5a0d594cc81eb2dad097e8d44807b923c219189e70b24,git_and_release
raw/world_bank/PA.NUS.FCRF.json,16194,9c0d7efd615e68ccdcaf418e6b5f7b2ae499d903146028f2b88d23576c38747b,git_and_release
raw/world_bank/PA.NUS.FCRF.json.meta.json,819,613d5a9bde91bcddc11336671007b234e78fd34814035f9bdf50d61c4c3947aa,git_and_release
raw/world_bank/SH.H2O.BASW.ZS.json,17419,712b63e6e1f0c3f9fe1200dd3788c8ac9ef6918bdb71de2d73a3fecbead9fec1,git_and_release
raw/world_bank/SH.H2O.BASW.ZS.json.meta.json,831,e8d8f1be977bcb0a1acf03fdd71d4e1ee2b777e66cb38145024cccb71a0eb376,git_and_release
raw/world_bank/SH.STA.BASS.ZS.json,17156,aa545543cf3e6c17bd7690ff667b3e96ae4c68574e05c4bdf93f25af79448725,git_and_release
raw/world_bank/SH.STA.BASS.ZS.json.meta.json,831,beeaf5c2d47d09a6964b823215fbcc65219f9700ce92c267cece47f54c87b659,git_and_release
raw/world_bank/SP.POP.GROW.json,15000,91da03e39f53926e242be3b14cd566d10b3ad153dd7a61b94221b529f7887361,git_and_release
raw/world_bank/SP.POP.GROW.json.meta.json,819,a82d1d9843998e52e8e94ac116b8bd98fc8449746ee50a2a3512b373026b1cac,git_and_release
raw/world_bank/SP.POP.TOTL.json,13711,e34bdb0718b16b817f75dc3f48ef7afdb310ad37e529f1a3948042be17af2c15,git_and_release
raw/world_bank/SP.POP.TOTL.json.meta.json,819,8dc7d24514581db7d7de08a3fabfe9ffe93a70eec2148b74e5915ab8e169bfc7,git_and_release
raw/world_bank/SP.RUR.TOTL.json,13623,da7440dab43d0a493147a15ecdcf08f4547e3356f511edb112b0e0701c2e5e58,git_and_release
raw/world_bank/SP.RUR.TOTL.json.meta.json,819,0af06fcfba557316bb6dce0b4a91bd11a4241a8ab49c501cfa0f4f29302fda2a,git_and_release
raw/world_bank/SP.URB.TOTL.IN.ZS.json,16176,63c8eba55c8e6a136a66a194ed17226381cf8d777b9529ad41b67b1d3cb3b8fc,git_and_release
raw/world_bank/SP.URB.TOTL.IN.ZS.json.meta.json,843,c1bb9040779b442f191edb834b682ae30c79ec30737da7080361299135280aab,git_and_release
raw/world_bank/SP.URB.TOTL.json,13612,1ae65112a23dc9521b5cf8b157915654a7927d3a05a8f398c32a764ffc435a82,git_and_release
raw/world_bank/SP.URB.TOTL.json.meta.json,819,2e7a5d6089e0d2e7692b75a1bb152020f38ee08a45a3a7110b6d5fd093a2f868,git_and_release
raw/world_bank/TM.VAL.FUEL.ZS.UN.json,15519,bfcc734939267e8cdd42b4a6e448b14cc26a9943421b2ee0691676ca58534a53,git_and_release
raw/world_bank/TM.VAL.FUEL.ZS.UN.json.meta.json,843,16f056b4f383c0c4941109cfea02a0cded04fc1fd7955e80f6c6418777ad44e5,git_and_release
raw/world_bank/TX.VAL.FUEL.ZS.UN.json,15527,af601c7192bede61b0166ccb26091f60e4849c35f3904da43413a36ee3b562ad,git_and_release
raw/world_bank/TX.VAL.FUEL.ZS.UN.json.meta.json,843,1ae23b05e253970cb991ae06aecda67b3e478b9877d61666ccb7aebad4299736,git_and_release
raw/world_bank_fuel/SOM_RTEP_mkt_2007_2026-08-24.zip,292209,bcb03c0c20c6b571ec25e74925a99741ee2490007d0ac0801c4a1b814fce56f1,git_and_release
raw/world_bank_fuel/SOM_RTEP_mkt_2007_2026-08-24.zip.meta.json,864,57997212d90f7cd0453c0f97114068a7c52eaf1883aa374518a61b1efab4668c,git_and_release
raw/world_bank_fuel/SOM_RTP_details_mkt_2007_2026-08-24.zip,1002,95824b67195556602d0548ccc5aeefdd481ab73b80f8edcab296589ee9a3c999,git_and_release
raw/world_bank_fuel/SOM_RTP_details_mkt_2007_2026-08-24.zip.meta.json,877,a6631caa4b7a70063e1c23047ee417f6823d647aea7f1c93e91ae3abf3896616,git_and_release
raw/world_bank_metadata/AG.LND.AGRI.ZS.json,1370,cf374ff9762fd9559c918fe788e6072f4ae45a18d8d05f912e162dcc36fba51b,git_and_release
raw/world_bank_metadata/AG.LND.AGRI.ZS.json.meta.json,720,1f99cb520c23fbd989b0cc73636099fdd945cf008de3c68349c574a5afe5312c,git_and_release
raw/world_bank_metadata/AG.LND.ARBL.ZS.json,818,7f98886308e1c185355f43a33ed8832ce762da4ae363f6ec5818a9e4b14dbd24,git_and_release
raw/world_bank_metadata/AG.LND.ARBL.ZS.json.meta.json,719,f3b76e44358f2ae3b4131b80e72097cc551b17544dbd04ccf9b420220c4bc6d4,git_and_release
raw/world_bank_metadata/AG.LND.FRST.ZS.json,879,706587ee22b05b930a1e745e4f104d6c895f46b827f5209655405764b85c7145,git_and_release
raw/world_bank_metadata/AG.LND.FRST.ZS.json.meta.json,719,99ef74914dbe62a57a9743b450a534c2badcc83966e108ba70125bcd9d87a60e,git_and_release
raw/world_bank_metadata/AG.LND.TOTL.K2.json,738,5bbf22fc31f4de6995e22f30d09f4149b4cb9a645d97bcf539d79479c87ed58c,git_and_release
raw/world_bank_metadata/AG.LND.TOTL.K2.json.meta.json,719,b3afba13dcdcb6bc701fe234698714379f1a43463fbdcfd5393ea70a026c118c,git_and_release
raw/world_bank_metadata/BX.KLT.DINV.WD.GD.ZS.json,1165,fd15df0dd9de59dd6537c0c76dbcf5656ff19af8445370700ad6b7931f192819,git_and_release
raw/world_bank_metadata/BX.KLT.DINV.WD.GD.ZS.json.meta.json,744,e6ce9d96ebc294e95b0884d78b255cb4866793d1fb627da632504c7c1a37bf70,git_and_release
raw/world_bank_metadata/BX.TRF.PWKR.DT.GD.ZS.json,1248,6acbc3feaaf54a04593cfbeda6412fa789099bdfa10f7397d66f4457ef8fb94c,git_and_release
raw/world_bank_metadata/BX.TRF.PWKR.DT.GD.ZS.json.meta.json,744,a0ee891e58310e687693bf87b30572fed60ebf1f15075a5404bdf89b8da3f1c2,git_and_release
raw/world_bank_metadata/EG.CFT.ACCS.ZS.json,1293,5179b58137036f881353069dd42f280c12c934b386c83e2b21753edd894ab9b3,git_and_release
raw/world_bank_metadata/EG.CFT.ACCS.ZS.json.meta.json,720,888107fd676e5f648059406f7e54ffb2ba2ef527bd5c57a266a86bb9a317ed28,git_and_release
raw/world_bank_metadata/EG.EGY.PRIM.PP.KD.json,1195,0b945e717f310da3d97d98c731ed6a40b8ad49fe9fbf1522b110880e4f550798,git_and_release
raw/world_bank_metadata/EG.EGY.PRIM.PP.KD.json.meta.json,732,de194f2824018fc9b2c65c2c26940440eebd6e68d9ea7afca190cc673842ea72,git_and_release
raw/world_bank_metadata/EG.ELC.ACCS.RU.ZS.json,731,a1310401ed079ebdfba4863372333fac772fd5c87fd1f4d90cc0faa10a4b3f0b,git_and_release
raw/world_bank_metadata/EG.ELC.ACCS.RU.ZS.json.meta.json,731,a55faab155e5d44650a075236e2748431ca5c6d44dd78416c75dea6dc59d8f11,git_and_release
raw/world_bank_metadata/EG.ELC.ACCS.UR.ZS.json,717,3378ace7389ae6f0f83e2d38c6309cee4d1ba81aa3d8822439bf3e6b0d506002,git_and_release
raw/world_bank_metadata/EG.ELC.ACCS.UR.ZS.json.meta.json,731,dd61c07987716cb97c381e45bb81f9ecaffc8588cad8b6f70b474782a9157fe3,git_and_release
raw/world_bank_metadata/EG.ELC.ACCS.ZS.json,812,b97baf3b8af89e755fb51e00bf690940fddff51d8af3dbf32849662ece66559b,git_and_release
raw/world_bank_metadata/EG.ELC.ACCS.ZS.json.meta.json,719,e43fe168a19ed90ba9deaa5465c39268ebbbead56fa2da027717ee5fa3bd1a9f,git_and_release
raw/world_bank_metadata/EG.ELC.FOSL.ZS.json,1102,4542803a99ac4062723424542e61b4f24895f216e6e0efca83fe46cf294a8f36,git_and_release
raw/world_bank_metadata/EG.ELC.FOSL.ZS.json.meta.json,720,683fa471767d4eca36dde5440b8a264a022e06cba8e6235f3f621eff3c4144eb,git_and_release
raw/world_bank_metadata/EG.ELC.HYRO.ZS.json,854,85e66a5d816aad574ac62d8cd45343703577fca6f89a9323f5350c49e28a6172,git_and_release
raw/world_bank_metadata/EG.ELC.HYRO.ZS.json.meta.json,719,6996c3bec5b471298b1981173a1f620d105d2e4b700b9fa6df0e46c0eeccb45d,git_and_release
raw/world_bank_metadata/EG.ELC.LOSS.ZS.json,830,fdcf480674e64414e6187681fca51079ce383e51d174c39ded385441bb196033,git_and_release
raw/world_bank_metadata/EG.ELC.LOSS.ZS.json.meta.json,719,909b039b6d5ea38c19f5d9e2d6bc68aeb61b40a94729b7047efcd2b245ccf98a,git_and_release
raw/world_bank_metadata/EG.ELC.PROD.KH.json,51,25c4d0af5352ac4152dcd53b8cfbac5ae095094bbb1068cb8fe3dbbfca4969dd,git_and_release
raw/world_bank_metadata/EG.ELC.PROD.KH.json.meta.json,718,dff98b3fdff7c57f6652bd88271ec1dc9734b3715da50968c603530fb74d0e9f,git_and_release
raw/world_bank_metadata/EG.ELC.RNEW.ZS.json,748,cfa9ec6cc2a784407f7ba0a074827f94f78188f7eb43a73ee0ccbc718fbf85f2,git_and_release
raw/world_bank_metadata/EG.ELC.RNEW.ZS.json.meta.json,719,9bab207ac44d34e798a97a06755ef0dbcff37f9e8d739ed89769a7924b2b8460,git_and_release
raw/world_bank_metadata/EG.ELC.RNWX.ZS.json,858,31454cb2d1301ca60d5cf365db86aba9bc53358a24134c67142cb7f5f827aafb,git_and_release
raw/world_bank_metadata/EG.ELC.RNWX.ZS.json.meta.json,719,6667a63943f297cb737970818e6a14c981d51e049facacb1c9f63e40ea081ec7,git_and_release
raw/world_bank_metadata/EG.FEC.RNEW.ZS.json,710,a402de31aaa77141eba34f5d65ab0013e05d8e0b792c61be9f4c5f857028bc99,git_and_release
raw/world_bank_metadata/EG.FEC.RNEW.ZS.json.meta.json,719,5475b53fd8266012ea1f498adf10a1a7ec3f82826e3d831776de816b6289dde9,git_and_release
raw/world_bank_metadata/EG.IMP.CONS.ZS.json,974,33cd870824ab3c88fd93f761e4a07449c9e353f08cc652d7b15d48b544ffcedd,git_and_release
raw/world_bank_metadata/EG.IMP.CONS.ZS.json.meta.json,719,d8a958631b46388e5e8807cab1537a18bd119957639c04da10a8cebf87ba0164,git_and_release
raw/world_bank_metadata/EG.USE.COMM.FO.ZS.json,592,a4ca51a3d643e575a10a357c95afa1153fc3d61a9e92a0bbcd041949403ea693,git_and_release
raw/world_bank_metadata/EG.USE.COMM.FO.ZS.json.meta.json,731,b5f5a5ae5159e6a0f833187f9f5ba501cc910c3107e20e7e12694bd0c4864829,git_and_release
raw/world_bank_metadata/EG.USE.ELEC.KH.PC.json,795,4236af9f3948d3190ee93415b9f49aec9ac748a38aa8586d757d1031a3a7c723,git_and_release
raw/world_bank_metadata/EG.USE.ELEC.KH.PC.json.meta.json,731,cc73ce6dea968cd606415ffc568ef578954fcdf35d9b79d92bbfe10be7e2fa41,git_and_release
raw/world_bank_metadata/EG.USE.PCAP.KG.OE.json,812,dd3c797a0a530e3d1015bd343a302efa96890bdce326fa12a947042fe0e939db,git_and_release
raw/world_bank_metadata/EG.USE.PCAP.KG.OE.json.meta.json,731,d24af3974f6a4aa83bfc2d69ac84f70ce4a82bcdcf17bae43dcaac448e48dfdb,git_and_release
raw/world_bank_metadata/EN.POP.DNST.json,1134,c5df1b392124d9113915d833c5d4a47e73d9c6b989de0e6a64a9487479f9040c,git_and_release
raw/world_bank_metadata/EN.POP.DNST.json.meta.json,708,e97e29245d3b92e6d9d34d319bd85dae3bf2aa47a0b937c04d8e1addafa4ffad,git_and_release
raw/world_bank_metadata/ER.H2O.FWTL.ZS.json,1458,1d51ad300cef34581b418660025064ec77a43510f9af17ac73fe0b463c2c1536,git_and_release
raw/world_bank_metadata/ER.H2O.FWTL.ZS.json.meta.json,720,72cde3ef11b1dacd6d24f4b01edd6b9c36891564b57911a565a65a994cfb07ed,git_and_release
raw/world_bank_metadata/ER.H2O.INTR.PC.json,878,53bf6a2e80c88d7b089185eb9c5295609ab49fa3df8197c2ce2364a81589bcad,git_and_release
raw/world_bank_metadata/ER.H2O.INTR.PC.json.meta.json,719,eeca9217c0163c3a97257c894b95dadcc861b5e16e127e44a78531d2c84284a8,git_and_release
raw/world_bank_metadata/FP.CPI.TOTL.ZG.json,632,df9371a3b6c01e55a3f28991e62e1b1ebbe0cd2a7da94456be9938c7a2962233,git_and_release
raw/world_bank_metadata/FP.CPI.TOTL.ZG.json.meta.json,719,6b2f82d1425862d91b8bcd4e4db367ed15e76bb1705ad8169f55487f4f5449a9,git_and_release
raw/world_bank_metadata/IC.ELC.LOSS.ZS.json,102,f230e5b6d8f652aa544aec29624faa117c27571ce309a7a474584e1cfeb45c1b,git_and_release
raw/world_bank_metadata/IC.ELC.LOSS.ZS.json.meta.json,719,45ab2b046fbaf5be6af11ad3e7027d2f5d461d74529c9e7ce5e135de4c70784f,git_and_release
raw/world_bank_metadata/IC.ELC.OUTG.json,51,25c4d0af5352ac4152dcd53b8cfbac5ae095094bbb1068cb8fe3dbbfca4969dd,git_and_release
raw/world_bank_metadata/IC.ELC.OUTG.json.meta.json,706,afad5809d932153e923525f16453db8c62680e5651f1a728a2ab5ab4ae4f0ab1,git_and_release
raw/world_bank_metadata/IC.ELC.OUTG.ZS.json,464,4dfb6539dcd83434c5f0aeb19d5277c12d348b48833026fbd27d9903aec28ca0,git_and_release
raw/world_bank_metadata/IC.ELC.OUTG.ZS.json.meta.json,719,1e7a4e61843edc4ff09b340eea1fd30a68bdce3ac2eabe0ff43d57542553c168,git_and_release
raw/world_bank_metadata/IC.ELC.OWNG.ZS.json,102,f230e5b6d8f652aa544aec29624faa117c27571ce309a7a474584e1cfeb45c1b,git_and_release
raw/world_bank_metadata/IC.ELC.OWNG.ZS.json.meta.json,719,a2a09e545fee134e4e7eae896f33e87d83ca78e69335bd331b07dbcb4c303549,git_and_release
raw/world_bank_metadata/IC.FRM.OUTG.ZS.json,616,e71f302cde95f6f2e46e4d1be61f9fe31e4af3a2a5dd6549c000beb6dec413c0,git_and_release
raw/world_bank_metadata/IC.FRM.OUTG.ZS.json.meta.json,719,bc1e05edb6803d184c0446acd7de180890bd5951cb6700ff8259d8ff08478949,git_and_release
raw/world_bank_metadata/IT.CEL.SETS.P2.json,985,f624bcfad4bd1b64f7791bddece4bef2f0a9024b048badd90f76048453804ea4,git_and_release
raw/world_bank_metadata/IT.CEL.SETS.P2.json.meta.json,719,0b823a62953680f5d655d8470855b5737b02f69b92001f0422f84d8372cd5edf,git_and_release
raw/world_bank_metadata/IT.NET.USER.ZS.json,629,6e6fc76f94bda17bd30c3303f1e8965698c93d344c26a556ea6ee18a86c3cc32,git_and_release
raw/world_bank_metadata/IT.NET.USER.ZS.json.meta.json,719,878b5fdd69d103bbe0feb31c64f5d10e5227ca833bde0af345fd627037c786c6,git_and_release
raw/world_bank_metadata/NE.EXP.GNFS.CD.json,915,add46f767587e60736449ce8b0d365258366a7306e13a2a3a8a8cd0be97a6626,git_and_release
raw/world_bank_metadata/NE.EXP.GNFS.CD.json.meta.json,719,44ebf55903a049cc585f094f040675c87c2964e98e4edc149da373937e452c8b,git_and_release
raw/world_bank_metadata/NE.GDI.TOTL.ZS.json,852,ca424dd8dac40839e4c48353ba5b9bb3d0344a44ba22edac002762b49f1cc82b,git_and_release
raw/world_bank_metadata/NE.GDI.TOTL.ZS.json.meta.json,719,ce5082a90aedd3352dbc5f10588018bf77e5f3d7c140109a2eff29ed2f65971a,git_and_release
raw/world_bank_metadata/NE.IMP.GNFS.CD.json,943,373f16c99c2ddc403335b69fcf547a96f84af6ab7da378a6f96864848fd6fdbf,git_and_release
raw/world_bank_metadata/NE.IMP.GNFS.CD.json.meta.json,719,fca524dc18a1053ce0cb80bb0b816d9b0aada9089ef5c63207839af6e52b228d,git_and_release
raw/world_bank_metadata/NV.AGR.TOTL.ZS.json,1512,fe7405bdb44e1600d98e44cc0edb61a4cc77b9d8d2ce534bed46309ac173a117,git_and_release
raw/world_bank_metadata/NV.AGR.TOTL.ZS.json.meta.json,720,6c51a4d8089ea1dc766401742b0f0cc8b808aacb85c6ee923f3e1ba5b7eebd25,git_and_release
raw/world_bank_metadata/NV.IND.MANF.ZS.json,1092,54b1274c98563e9ffc9c80f402b8986a1433d3ca1bc9ce54b6922ce7749bb0a8,git_and_release
raw/world_bank_metadata/NV.IND.MANF.ZS.json.meta.json,720,1d9e42d3fcef98d32bfe6345b14af7c6660bad57ca5e513254007693625006d4,git_and_release
raw/world_bank_metadata/NV.IND.TOTL.ZS.json,1104,989dfa43e4289f3b70735cd07f08fbbba8b2c76e89a6f0d19ded866027736c9b,git_and_release
raw/world_bank_metadata/NV.IND.TOTL.ZS.json.meta.json,720,3fe469f491ffd9fde438a978dc02a0dc28f8222559447d680551f3fe4262f45c,git_and_release
raw/world_bank_metadata/NV.SRV.TOTL.ZS.json,1414,55d203ff83eb44bd8a39d3fd48042f3473c75f3ce2c6364cfb44da0454661fb6,git_and_release
raw/world_bank_metadata/NV.SRV.TOTL.ZS.json.meta.json,720,cc7e258005fe3e7415b42d3b4e23ec477485b07f1d465315b5f6504493b754a3,git_and_release
raw/world_bank_metadata/NY.GDP.MKTP.CD.json,938,51cec1e144a5bad8d92238630c0a305e20116e86d34ad95c7c315ed166255b28,git_and_release
raw/world_bank_metadata/NY.GDP.MKTP.CD.json.meta.json,719,e2a41f9a5f66e013f729498628388106f2f18e04a193a381107d7d6fb267f989,git_and_release
raw/world_bank_metadata/NY.GDP.MKTP.KD.json,994,bc4bc0ffec1755410f52b1091c6b1f46917c7417977102350d3d1102b4659216,git_and_release
raw/world_bank_metadata/NY.GDP.MKTP.KD.json.meta.json,719,5765f5f186f193ae5a19aa67d89dd30bd018e6d9c53efdbd8506297886fd21c9,git_and_release
raw/world_bank_metadata/NY.GDP.MKTP.KD.ZG.json,909,ed7703d841d4dde2d1cb858f0dd53229fe3e841f72abb17dbc8c950ad20c88ce,git_and_release
raw/world_bank_metadata/NY.GDP.MKTP.KD.ZG.json.meta.json,731,28a128759d7b2a387a0334c2736e28b4d4c4b66d72e82f5339d88b2b3a3ff7d4,git_and_release
raw/world_bank_metadata/NY.GDP.PCAP.CD.json,1044,96520c3a22b1f9da1c7456349a6e70b1643db88d427671faced17cb8b9eaf907,git_and_release
raw/world_bank_metadata/NY.GDP.PCAP.CD.json.meta.json,720,159d4867bd141ebb3ce67e71314dd7e7467a846de30c50027067f5eb9a6fd8f8,git_and_release
raw/world_bank_metadata/NY.GDP.PCAP.KD.json,1100,46689488cd435920647264ede1bfb2d4b51b09800fb36f3d3b1422a0b11ea49d,git_and_release
raw/world_bank_metadata/NY.GDP.PCAP.KD.json.meta.json,720,2e5932948391784f5b9269994ccf8723eeba555644992132f7588ef8be092ce6,git_and_release
raw/world_bank_metadata/PA.NUS.FCRF.json,685,879ac40c1e115d0575c0ac1d26a45b68432303927ea163be9c80e7f47c739b12,git_and_release
raw/world_bank_metadata/PA.NUS.FCRF.json.meta.json,707,c006ac5d6cf3edd7fb315770947c4119276ce6a3677d1336183eb398b42bdea6,git_and_release
raw/world_bank_metadata/SH.H2O.BASW.ZS.json,1267,41c3627f1979d7347fc12ed8f67bf2bddb25df38ecf7d9cef0ece39f0bbe6591,git_and_release
raw/world_bank_metadata/SH.H2O.BASW.ZS.json.meta.json,720,43057c2588114df1f693a88eeaa74880852f433027a7c09f1e2cc52f93fe47d1,git_and_release
raw/world_bank_metadata/SH.STA.BASS.ZS.json,1257,5be5e6443462725b4bb1ea4547a443489c6dde0ae875c278be049151aa9ec5df,git_and_release
raw/world_bank_metadata/SH.STA.BASS.ZS.json.meta.json,720,b8213a317bbfa06d76c80af58a758ef4194452c7d66a52e50e435e0e483f720f,git_and_release
raw/world_bank_metadata/SP.POP.GROW.json,1081,410c9806e450f67653b837ced0851741d45763284d7621f94f29e930ee817c65,git_and_release
raw/world_bank_metadata/SP.POP.GROW.json.meta.json,708,3d780d9f64631b329d68957e3207650db4d406c07921d7dd735f3adb4425034f,git_and_release
raw/world_bank_metadata/SP.POP.TOTL.json,1099,2f8491efc00bf2c0995112ff8e87aba69e5e9d22d0880b22f7e3a4ec757ba05c,git_and_release
raw/world_bank_metadata/SP.POP.TOTL.json.meta.json,708,79fae36b9655cd63beb0a2f1bcd9fad39b1a1068a98e79fae7f6a6ad8e0f186f,git_and_release
raw/world_bank_metadata/SP.RUR.TOTL.json,1004,8a35bd6cbac90b70778339538aa9ec59ba10a7d34815635f364f6278178ca8f4,git_and_release
raw/world_bank_metadata/SP.RUR.TOTL.json.meta.json,708,20608cfef2c872e8873b269cf5a2fe5cc36067bc040a6aa3c45bafe37b585d67,git_and_release
raw/world_bank_metadata/SP.URB.TOTL.IN.ZS.json,719,ada77d666a1469f69379933d0597cdd420299806163905af52de79d538da95e6,git_and_release
raw/world_bank_metadata/SP.URB.TOTL.IN.ZS.json.meta.json,731,e93f6703510e6850c57e3552437f234a2df6dd328520cc2e9cada81f04c3ab7e,git_and_release
raw/world_bank_metadata/SP.URB.TOTL.json,1071,fd016165f6393188a488dcb276fb282b0673655dc77f1433c6a8e2201113b336,git_and_release
raw/world_bank_metadata/SP.URB.TOTL.json.meta.json,708,7655845624c83d9b7aedba7658475433edb752feb0c1baa0265baaa7ce227438,git_and_release
raw/world_bank_metadata/TM.VAL.FUEL.ZS.UN.json,974,b9c3043535e6d3c68b38dc151a4f08efd279ad0a39b8a1515918bfee556896c9,git_and_release
raw/world_bank_metadata/TM.VAL.FUEL.ZS.UN.json.meta.json,731,45a2957520f7f6a881e5e401fc90abb042827a75275a0c709c840aa80e118b86,git_and_release
raw/world_bank_metadata/TX.VAL.FUEL.ZS.UN.json,991,009ebf1d8a465d007ef3bc653d2f730f61cc4cd7238228e89ae924143c99e7e6,git_and_release
raw/world_bank_metadata/TX.VAL.FUEL.ZS.UN.json.meta.json,731,cd4920f3470734bdb644d942f3d54f0a5aa36e075e452cf4cb4b8ccfe2c906b7,git_and_release
README.md,7392,9e842e80092714f14a553fc6f7dd82ba7aa1e74d6a95d06e42c5870e9411579b,git_and_release
REPRODUCE.md,4329,b1436823f25afe80f037a4723bbdf9e96f783b49bbf83e32d60b8b13928ee8e9,git_and_release
research/fuel_audit.py,8695,e38e12b07f35fb3f22457deef8206089f584d3eb0cc528a64c4163e6cafc20d1,git_and_release
research/fuel_reference_defaults.csv,1116,20a82ef229b8bc2485b28413fa530b602869d5a320a86a8526c8e33134f84cc7,git_and_release
research/global_cost_benchmarks.csv,6404,64a2ac76fb357c74cd92f33409c80d4b6b26bd5ec022db8c8138e8014d45830c,git_and_release
research/global_cost_benchmarks.source.json,1086,b4c446d5a05b4ebe11458418ea97b96ea3bdb57e9fdcb0fb9e381d676ae32f23,git_and_release
research/power_build_tables.py,33636,f8c44663f62c9d6e888b52263c2c78794f3dbf2c51647f8d27eda55977d096d1,git_and_release
research/power_consumption_history.csv,110920,2cdd05d441226b3c1bd8586167edc9e75852206a14ed65bca639cc62c45a02df,git_and_release
research/power_evidence.md,10789,17f14a01c1e45b8f161ca7a50abbd8bb2b960be7092a238208ff06dd33917017,git_and_release
research/power_facts.csv,57803,275f58c63e279a62099d118c1d94154c9fd38f6c394598135d23c0b580c0281e,git_and_release
research/power_planning_assumptions.csv,107058,89a2b60f5790044a2c277c61b9102fb409cfc0797f7534ac5ab4c9fb07746a9a,git_and_release
research/power_validation.json,1371,dd150ef65b77f7a5d9795bd00f083057d625c45c2229c076824856617ca6bc37,git_and_release
research/resource_catalog.csv,30211,bb11e0ae8529d8222fcac82b427811c123af48ca05d6b375aac6abe53172bc9f,git_and_release
research/resource_geospatial.md,17683,4121705b280ff1a74d1b16ea23b90ba91d6fae910a4ddc5ff541ac70c2a36a4b,git_and_release
research/source_doc_manifest.json,12143,d03c3fe9b6f652b1b3e4645d80bb7db2fdf6d94a18b250b609285101f6f4da71,git_and_release
research/statistics_facts.csv,24091,b0d031285c60d6ead098928084a519ac8f1d5f4a5033bb551f03138ff306f7bc,git_and_release
research/statistics_fuels.md,20507,0318fe5570169f18de3fcb8cbd9ba1f13bbb89096150b3b60f0b8838e65732d9,git_and_release
scripts/build_catalogue.py,14329,9d3d062eda41d13c3e89fe991558f4bf928a8457240bd30dd2e99df17722c3c6,git_and_release
scripts/build_crosswalk.py,6975,ce7d20c11ddb9fc23ba0c856e720fc39a89c2af5021539e8109dd99c4e7e5b2e,git_and_release
scripts/collect_data.py,17823,6971a0fa118f36975cde45ff56510a9a8d7dd527deac4636618102e47d8ce7ca,git_and_release
scripts/collect_energy_statistics.py,7881,df0af9583f49612fcc73a58c8971c5c9bf8df6a32c112a40e8aec6de7abe742e,git_and_release
scripts/package_release.py,4492,633c17ee265a1473f89e3f11642e52a408d58721c68966637ae522d532c69ffb,git_and_release
scripts/validate_data.py,10979,4d4f15e69ca110c7b21560b3a97ca015a286d321db62f1b8a0f7910374cc52ac,git_and_release
validation/fuel_archive_audit.json,1919,f583d597732fd5fac83dad9d9a60360474ffe4e967b131b828be371d0e51ae37,git_and_release
validation/validation_report.json,60909,6495fb4b07db62f5f592f6f82c8973dcaba9171e9b4b142571b1729ecac3e19e,git_and_release
WORK_LOG.md,4947,6075eef193ff38719ab84a4baeb8e9aa6d9a5cbd493aabcd48cadb32703f12af,git_and_release
