OBJECTID,Type,Country_area,Subregion,Region,Plant___Project_name,Unit___Phase_name,Capacity__MW_,Status,Start_year,Retired_year,Technology,Fuel,Hydrogen_production,Hydrogen_capable,Country_area_1__hydropower_only,Country_area_2__hydropower_only,Country_area_1_Capacity__MW___h,Country_area_2_Capacity__MW___h,Owner,Parent,CHP,CCS,Conversion_replacement,Unit_conversion_year,Conversion_from_replacement_of_,Conversion_from_replacement_of1,Captive_Industry_Type,Captive_Industry_Use,Captive_Non_Industry_Use,Latitude,Longitude,Location_accuracy,City,Local_area__taluk__county_,Major_area__prefecture__distric,Subnational_unit__state__provin,GEM_location_ID,GEM_unit_phase_ID,GEM_Wiki_URL,source_id,coverage_note
11616,oil/gas,Somalia,Sub-Saharan Africa,Africa,UN power station,1,65,operating,not found,,internal combustion,fossil liquids: diesel,,not found,,,,,,,not found,not found,,,,,,,,-0.373844,42.461068,approximate,Kismayo,,,,L100000408171,G100000411355,https://www.gem.wiki/UN_power_station,GEM_SOMALIA_ASSETS,technology_threshold_limited_not_national_total
82121,solar,Somalia,Sub-Saharan Africa,Africa,GEEL Power solar farm,--,100,construction,,,Assumed PV,,,,,,,,Geel Power,,,,,,,,,,,2.0396,45.3376,approximate,Mogadishu,,,,L100001019125,G100001021555,https://www.gem.wiki/GEEL_Power_solar_farm,GEM_SOMALIA_ASSETS,technology_threshold_limited_not_national_total
82122,solar,Somalia,Sub-Saharan Africa,Africa,Mogadishu solar farm,future phases,92,shelved - inferred 2 y,,,PV,,,,,,,,Banadir Electrical Company (BECO),,,,,,,,,,,2.0549,45.3195,exact,Mogadishu,,,,L100000827724,G100000831272,https://www.gem.wiki/Mogadishu_solar_farm,GEM_SOMALIA_ASSETS,technology_threshold_limited_not_national_total
124644,solar,Somalia,Sub-Saharan Africa,Africa,BECO Jabad-Gelle Solar PV,--,10,operating,2020,,PV,,,,,,,,Banadir Electrical Company (BECO),,,,,,,,,,,2.1177,45.2382,exact,Jabad-Gelle,,,,L100000800032,G100000800036,https://www.gem.wiki/BECO_Jabad-Gelle_Solar_PV,GEM_SOMALIA_ASSETS,technology_threshold_limited_not_national_total
124645,solar,Somalia,Sub-Saharan Africa,Africa,Berbera solar project,--,4.6,operating,2020,,Assumed PV,,,,,,,,,,,,,,,,,,,10.3999,44.972,exact,Berbera,Berbera,,Sahil,L100001020957,G100001023926,https://www.gem.wiki/Berbera_solar_project,GEM_SOMALIA_ASSETS,technology_threshold_limited_not_national_total
124646,solar,Somalia,Sub-Saharan Africa,Africa,Burao Burao District solar project,--,2.6,operating,,,Assumed PV,,,,,,,,,,,,,,,,,,,9.5551,45.5529,exact,Burao,Burao District,,Togdheer,L100001020959,G100001023928,https://www.gem.wiki/Burao_Burao_District_solar_project,GEM_SOMALIA_ASSETS,technology_threshold_limited_not_national_total
124647,solar,Somalia,Sub-Saharan Africa,Africa,Daru-Salaam City Afgooye District solar project I,--,2,operating,2017,,Assumed PV,,,,,,,,,,,,,,,,,,,2.1471,45.3237,exact,Daru-Salaam City,Afgooye District,,Lower Shabelle,L100001020956,G100001023925,https://www.gem.wiki/Daru-Salaam_City_Afgooye_District_solar_project_I,GEM_SOMALIA_ASSETS,technology_threshold_limited_not_national_total
124648,solar,Somalia,Sub-Saharan Africa,Africa,Daru-Salaam City Afgooye District solar project III,--,1.7,operating,2021,,Assumed PV,,,,,,,,,,,,,,,,,,,2.1072,45.3189,exact,Daru-Salaam City,Afgooye District,,Lower Shabelle,L100001020958,G100001023927,https://www.gem.wiki/Daru-Salaam_City_Afgooye_District_solar_project_III,GEM_SOMALIA_ASSETS,technology_threshold_limited_not_national_total
124649,solar,Somalia,Sub-Saharan Africa,Africa,Mogadishu solar farm,1,8,operating,2020,,PV,,,,,,,,Banadir Electrical Company (BECO),,,,,,,,,,,2.0549,45.3195,exact,Mogadishu,,,,L100000827724,G100000831271,https://www.gem.wiki/Mogadishu_solar_farm,GEM_SOMALIA_ASSETS,technology_threshold_limited_not_national_total
