shapeGroup,shapeID,shapeISO,shapeName,shapeType
SOM,83879307B66756469447496,SO-HI,Hiiraan,ADM1
SOM,83879307B13610404434600,SO-SA,Sanaag,ADM1
SOM,83879307B32896531038690,SO-BN,Banadir,ADM1
SOM,83879307B67680758004346,SO-TO,Togdheer,ADM1
SOM,83879307B58207540839705,SO-BK,Bakool,ADM1
SOM,83879307B34714219035659,SO-GE,Gedo,ADM1
SOM,83879307B5242146898757,SO-SD,Middle Shebelle,ADM1
SOM,83879307B42572798770371,SO-WO,Woqooyi Galbeed,ADM1
SOM,83879307B65026001570916,SO-SO,Sool,ADM1
SOM,83879307B66585548815331,SO-NU,Nugaal,ADM1
SOM,83879307B26517451678825,SO-MU,Mudug,ADM1
SOM,83879307B33420401553888,SO-JD,Middle Juba,ADM1
SOM,83879307B35519599536274,SO-SH,Lower Shebelle,ADM1
SOM,83879307B35818532110087,SO-JH,Lower Juba,ADM1
SOM,83879307B20044253365087,SO-GA,Galgaduud,ADM1
SOM,83879307B67196763494499,SO-BY,Bay,ADM1
SOM,83879307B19000204873860,SO-BR,Bari,ADM1
SOM,83879307B11376444747055,SO-AW,Awdal,ADM1
