filename,bytes,sha256,data_rows,columns,reference_commit,status
electrolyzer_build_limits.csv,52,8e09ec4d43fc881c41a009fbe34499da02f66c49042ec8771a98a0c2592d8cc1,2,PERIOD | electrolyzer_cap_max_mw,089834b8fee23239d61ffb6e7d68279f0a74efed,schema_reference_only_not_transferred_to_Somalia
financials.csv,67,c4cc33d3cbd0609d2a7b76ceaddbfac1a963d4343f8c3c8cae39ef7df00e2d61,1,base_financial_year | discount_rate | interest_rate,089834b8fee23239d61ffb6e7d68279f0a74efed,schema_reference_only_not_transferred_to_Somalia
fuel_cost.csv,20140,fff2664b2fc58f84e091c0dd973feaa5d42ae04a9a83019fa29b67455d70b46a,528,load_zone | fuel | period | fuel_cost,089834b8fee23239d61ffb6e7d68279f0a74efed,schema_reference_only_not_transferred_to_Somalia
fuels.csv,117,b4cc678d459d6b8da7209872b7cd5789151303de326b9fea2a677260d053bc23,5,fuel | co2_intensity | upstream_co2_intensity,089834b8fee23239d61ffb6e7d68279f0a74efed,schema_reference_only_not_transferred_to_Somalia
gen_build_costs.csv,212885,37a3c371fb77b9af3896f4193073f69abf50dd805882abb612e7d310fe5173c8,5283,GENERATION_PROJECT | build_year | gen_overnight_cost | gen_storage_energy_overnight_cost | gen_fixed_om,089834b8fee23239d61ffb6e7d68279f0a74efed,schema_reference_only_not_transferred_to_Somalia
gen_build_limits_by_tech.csv,1393,86cf277cbaa11f70ffd61cd3888e8aa1407a31a3efdd58b356952727d774c741,72,gen_tech | period | build_max_tech,089834b8fee23239d61ffb6e7d68279f0a74efed,schema_reference_only_not_transferred_to_Somalia
gen_build_predetermined.csv,1301,2a7e26bd611a0e4dbb3b77a384b967418ac060557b268e3a7a099ec2849633f5,51,GENERATION_PROJECT | build_year | build_gen_predetermined,089834b8fee23239d61ffb6e7d68279f0a74efed,schema_reference_only_not_transferred_to_Somalia
gen_info.csv,18609,f29d6c196974dd1bb68fa68f6c52e86266a6199e05e3c8ab777e69af8cce3612,218,GENERATION_PROJECT | gen_tech | gen_load_zone | gen_connect_cost_per_mw | gen_capacity_limit_mw | gen_full_load_heat_rate | gen_variable_om | gen_max_age | gen_min_build_capacity | gen_scheduled_outage_rate | gen_forced_outage_rate | gen_is_variable | gen_is_baseload | gen_is_cogen | gen_energy_source | gen_unit_size | gen_ccs_capture_efficiency | gen_ccs_energy_load | gen_storage_efficiency | gen_store_to_release_ratio | gen_storage_energy_to_power_ratio,089834b8fee23239d61ffb6e7d68279f0a74efed,schema_reference_only_not_transferred_to_Somalia
hydrogen.csv,135,9d068ada1531412ef2c7a146c64412986081361126ce0c971f54f50d047d29f6,1,hydrogen_electrolyzer_kg_per_mwh | hydrogen_electrolyzer_life_years | hydrogen_electrolyzer_variable_cost_per_kg,089834b8fee23239d61ffb6e7d68279f0a74efed,schema_reference_only_not_transferred_to_Somalia
hydrogen_flexible.csv,877,75c417d63024c7faeb14100b153e21ce3df5b80a70f76d082be7bfcafbd05652,24,period | hydrogen_electrolyzer_capital_cost_per_mw | hydrogen_sell_price | hydrogen_electrolyzer_fixed_cost_per_mw_year,089834b8fee23239d61ffb6e7d68279f0a74efed,schema_reference_only_not_transferred_to_Somalia
load_zones.csv,924,828c69d322dd541c7d9251d0a8c8c8f47f5c94700458710196f284112141b34c,47,LOAD_ZONE | dbid | existing_local_td | local_td_annual_cost_per_mw | local_td_loss_rate,089834b8fee23239d61ffb6e7d68279f0a74efed,schema_reference_only_not_transferred_to_Somalia
loads.csv,2084204,b19c5c9a43f68d4ef9e1b52e2e3c05867c47a81ec723954b976d46392337fc8c,54144,LOAD_ZONE | TIMEPOINT | zone_demand_mw,089834b8fee23239d61ffb6e7d68279f0a74efed,schema_reference_only_not_transferred_to_Somalia
modules.txt,570,b90ecb28681fac868004abdfb714e181fbbdde54001e71841f7302c967ff9241,,,089834b8fee23239d61ffb6e7d68279f0a74efed,schema_reference_only_not_transferred_to_Somalia
non_fuel_energy_sources.csv,69,b659c4d4ec74aa49e10090e6ed415d3d14997545d81bb03bbff5a26b2d1e2070,6,energy_source,089834b8fee23239d61ffb6e7d68279f0a74efed,schema_reference_only_not_transferred_to_Somalia
periods.csv,427,fcace97be716f7095eef443d4a16561211d76fe9278d56ea414198dfd8c2927d,24,INVESTMENT_PERIOD | period_start | period_end,089834b8fee23239d61ffb6e7d68279f0a74efed,schema_reference_only_not_transferred_to_Somalia
planning_reserve_requirement_zones.csv,769,9e4304d2c6a29935ce29a54c0880c898c4b5acf0ed2df60a2bf692334fcade50,47,PRR | ZONE,089834b8fee23239d61ffb6e7d68279f0a74efed,schema_reference_only_not_transferred_to_Somalia
planning_reserve_requirements.csv,108,15fddd5d0a984bea134a3cef6f1e1d34005da59c6ef998b769fe5e8d7c6cf544,1,PLANNING_RESERVE_REQUIREMENTS | prr_cap_reserve_margin | prr_enforcement_timescale,089834b8fee23239d61ffb6e7d68279f0a74efed,schema_reference_only_not_transferred_to_Somalia
switch_inputs_version.txt,7,0ff3513165d07746ce5a8b0d8e07edf2f3021164a67f68322a248d8b15eef5ae,,,089834b8fee23239d61ffb6e7d68279f0a74efed,schema_reference_only_not_transferred_to_Somalia
timepoints.csv,40355,118fc347b5f48514c443951e3389b2e0fc531402aed01689eb343b537d563e34,1152,timepoint_id | timestamp | timeseries,089834b8fee23239d61ffb6e7d68279f0a74efed,schema_reference_only_not_transferred_to_Somalia
timeseries.csv,5062,32dac79233aa67d98e6a5e7a00b3c6c7ca6d7cee5c34291749e870eabba50457,192,TIMESERIES | ts_period | ts_duration_of_tp | ts_num_tps | ts_scale_to_period,089834b8fee23239d61ffb6e7d68279f0a74efed,schema_reference_only_not_transferred_to_Somalia
trans_county.csv,774,a44b24f6227fc717eead94ccc9152410cc2e43bc548e0b281fe540f7ed6df173,46,0 | Baringo | 0,089834b8fee23239d61ffb6e7d68279f0a74efed,schema_reference_only_not_transferred_to_Somalia
trans_params.csv,89,90d5e16d6524b963e5bc7d90d8c3a02c271b16dd0ac57bb5f5ae29507b846933,1,trans_capital_cost_per_mw_km | trans_lifetime_yrs | trans_fixed_om_fraction,089834b8fee23239d61ffb6e7d68279f0a74efed,schema_reference_only_not_transferred_to_Somalia
transmission_lines.csv,6171,15155487c469d5b453d280945b2f298805378db650866ff4add643053f1bcb58,133,TRANSMISSION_LINE | trans_lz1 | trans_lz2 | trans_length_km | trans_efficiency | existing_trans_cap,089834b8fee23239d61ffb6e7d68279f0a74efed,schema_reference_only_not_transferred_to_Somalia
variable_capacity_factors.csv,3807126,a2fd1efbe792e33aade991222133380d13b3894c885c9c158349d7d5d53be5df,112896,GENERATION_PROJECT | timepoint | gen_max_capacity_factor,089834b8fee23239d61ffb6e7d68279f0a74efed,schema_reference_only_not_transferred_to_Somalia
zone_balancing_areas.csv,26,3121e623f3cd21c55386a76c323011f71a67abf90d46a8a6cad58864e86a179a,0,LOAD_ZONE | balancing_area,089834b8fee23239d61ffb6e7d68279f0a74efed,schema_reference_only_not_transferred_to_Somalia
zone_coincident_peak_demand.csv,55,100712d8532b3ca27f25dbd8914401ee07a234ae2f142a1ec8f59577ba30074a,0,LOAD_ZONE | PERIOD | zone_expected_coincident_peak_demand,089834b8fee23239d61ffb6e7d68279f0a74efed,schema_reference_only_not_transferred_to_Somalia
