kenya_file,fields,category,somalia_readiness,available_evidence,remaining_requirement,priority,parameter_transfer,kenya_reference_commit
electrolyzer_build_limits.csv,PERIOD | electrolyzer_cap_max_mw,hydrogen,outside_active_scope,Kenya schema reference only,Separate research proposal; no data parameter transfer or implementation,excluded,none,089834b8fee23239d61ffb6e7d68279f0a74efed
financials.csv,base_financial_year | discount_rate | interest_rate,finance,partial,statistics_facts.csv; power_facts.csv,"Choose price base year, real/nominal basis and Somalia-specific financing scenarios; national GDP or inflation is not WACC",P1,none,089834b8fee23239d61ffb6e7d68279f0a74efed
fuel_cost.csv,load_zone | fuel | period | fuel_cost,fuel_prices,partial,World Bank RTEP diesel archive; statistics_facts.csv,Delivered utility diesel cost; market currency/FX/density/heating-value and procurement adjustments needed,P1,none,089834b8fee23239d61ffb6e7d68279f0a74efed
fuels.csv,fuel | co2_intensity | upstream_co2_intensity,fuel_properties,gap,IPCC stationary combustion guidelines; fuel quality certificates needed,Fuel-specific net calorific value and combustion/upstream CO2 factors; do not inherit Kenya values,P1,none,089834b8fee23239d61ffb6e7d68279f0a74efed
gen_build_costs.csv,GENERATION_PROJECT | build_year | gen_overnight_cost | gen_storage_energy_overnight_cost | gen_fixed_om,technology_costs,partial,power_facts.csv; official optimized plan candidate costs,Local installed cost and fixed O&M by technology/vintage; separate battery USD/kW and USD/kWh; currency/base year,P1,none,089834b8fee23239d61ffb6e7d68279f0a74efed
gen_build_limits_by_tech.csv,gen_tech | period | build_max_tech,build_limits,partial,resource_catalog.csv; project pipeline in power_facts.csv,"Developable area, permitting, siting and construction-rate constraints; resource raster is not a build limit",P2,none,089834b8fee23239d61ffb6e7d68279f0a74efed
gen_build_predetermined.csv,GENERATION_PROJECT | build_year | build_gen_predetermined,existing_assets,partial,gem_somalia_assets.csv; power_facts.csv; IRENA national totals,"Deduplicate sites/units, verify commissioned capacity and year; reconcile MWac/MWp; exclude uncommissioned pipeline",P1,none,089834b8fee23239d61ffb6e7d68279f0a74efed
gen_info.csv,GENERATION_PROJECT | gen_tech | gen_load_zone | gen_connect_cost_per_mw | gen_capacity_limit_mw | gen_full_load_heat_rate | gen_variable_om | gen_max_age | gen_min_build_capacity | gen_scheduled_outage_rate | gen_forced_outage_rate | gen_is_variable | gen_is_baseload | gen_is_cogen | gen_energy_source | gen_unit_size | gen_ccs_capture_efficiency | gen_ccs_energy_load | gen_storage_efficiency | gen_store_to_release_ratio | gen_storage_energy_to_power_ratio,asset_performance,partial,power_facts.csv; gem_somalia_assets.csv,"Heat rates, plant dates, variable O&M, outages, battery power/energy/efficiency/life and retirement assumptions",P1,none,089834b8fee23239d61ffb6e7d68279f0a74efed
hydrogen.csv,hydrogen_electrolyzer_kg_per_mwh | hydrogen_electrolyzer_life_years | hydrogen_electrolyzer_variable_cost_per_kg,hydrogen,outside_active_scope,Kenya schema reference only,Separate research proposal; no data parameter transfer or implementation,excluded,none,089834b8fee23239d61ffb6e7d68279f0a74efed
hydrogen_flexible.csv,period | hydrogen_electrolyzer_capital_cost_per_mw | hydrogen_sell_price | hydrogen_electrolyzer_fixed_cost_per_mw_year,hydrogen,outside_active_scope,Kenya schema reference only,Separate research proposal; no data parameter transfer or implementation,excluded,none,089834b8fee23239d61ffb6e7d68279f0a74efed
load_zones.csv,LOAD_ZONE | dbid | existing_local_td | local_td_annual_cost_per_mw | local_td_loss_rate,electrical_zones,partial,geoboundaries alternative layers; resource_catalog.csv; utility reports,Choose service areas; define local grid loss and capacity; admin units are not electrical zones,P1,none,089834b8fee23239d61ffb6e7d68279f0a74efed
loads.csv,LOAD_ZONE | TIMEPOINT | zone_demand_mw,load_chronology,partial,power_consumption_history.csv; world_bank_observations.csv,"Metered hourly MW by utility with date/timezone; distinguish billing, gross generation, own-use, unserved demand and forecasts",P1,none,089834b8fee23239d61ffb6e7d68279f0a74efed
modules.txt,,model_scope,decision_pending,Somalia AGENTS.md; ASSUMPTIONS_AND_DECISIONS.md,Select minimum modules after baseline scope; hydrogen and other additional sectors not adopted,P1,none,089834b8fee23239d61ffb6e7d68279f0a74efed
non_fuel_energy_sources.csv,energy_source,technology_scope,partial,IRENA; power_facts.csv; resource_catalog.csv,Confirm technology coverage and suitability; availability of resource does not prove a project is feasible,P2,none,089834b8fee23239d61ffb6e7d68279f0a74efed
periods.csv,INVESTMENT_PERIOD | period_start | period_end,planning_horizon,decision_pending,2025 national optimized plan; dated project documents,Set baseline year and investment horizon; source forecast years are not automatically model periods,P1,none,089834b8fee23239d61ffb6e7d68279f0a74efed
planning_reserve_requirement_zones.csv,PRR | ZONE,adequacy_zones,decision_pending,utility/network records still required,Define which connected systems share capacity; do not pool isolated systems,P1,none,089834b8fee23239d61ffb6e7d68279f0a74efed
planning_reserve_requirements.csv,PLANNING_RESERVE_REQUIREMENTS | prr_cap_reserve_margin | prr_enforcement_timescale,adequacy_criteria,gap,utility reliability criteria still required,Reserve standard and renewable/storage capacity credit; Kenya 9% margin is not a Somalia observation,P1,none,089834b8fee23239d61ffb6e7d68279f0a74efed
switch_inputs_version.txt,,software_contract,schema_only,sources.lock.json; kenya_input_schema_inventory.csv,Pin SWITCH version when building eventual adapter; data pack is not a runnable adapter,P2,none,089834b8fee23239d61ffb6e7d68279f0a74efed
timepoints.csv,timepoint_id | timestamp | timeseries,time_sampling,partial,NASA hourly2025 and daily2001-2025,Align load/weather in same timezone then choose representative periods; retain chronology for storage,P1,none,089834b8fee23239d61ffb6e7d68279f0a74efed
timeseries.csv,TIMESERIES | ts_period | ts_duration_of_tp | ts_num_tps | ts_scale_to_period,time_weights,decision_pending,NASA complete-year chronology,Design sampling weights with represented-hours checks; daily weather is not hourly dispatch,P1,none,089834b8fee23239d61ffb6e7d68279f0a74efed
trans_county.csv,0 | Baringo | 0,auxiliary_geography,schema_only,geoBoundaries; OCHA metadata; Kenya source file,Kenya-specific auxiliary mapping appears headerless; do not transfer county topology,P3,none,089834b8fee23239d61ffb6e7d68279f0a74efed
trans_params.csv,trans_capital_cost_per_mw_km | trans_lifetime_yrs | trans_fixed_om_fraction,network_costs,partial,power_facts.csv; optimized plan assumptions,"Somalia corridor cost per MW-km, lifetime and fixed O&M need rating/voltage/currency basis",P1,none,089834b8fee23239d61ffb6e7d68279f0a74efed
transmission_lines.csv,TRANSMISSION_LINE | trans_lz1 | trans_lz2 | trans_length_km | trans_efficiency | existing_trans_cap,network_topology,partial,power_facts.csv; 2026 project restructuring; OSM catalogue,"Verify existing versus proposed lines, endpoints, ratings, lengths, losses and timing; OSM may omit assets",P1,none,089834b8fee23239d61ffb6e7d68279f0a74efed
variable_capacity_factors.csv,GENERATION_PROJECT | timepoint | gen_max_capacity_factor,generation_profiles,resource_inputs_available,NASA POWER; solar_country_workbook_cells.csv; GWA raster,Build/validate PV and turbine performance transformations; wind speed/irradiance are not capacity factors,P1,none,089834b8fee23239d61ffb6e7d68279f0a74efed
zone_balancing_areas.csv,LOAD_ZONE | balancing_area,operating_areas,decision_pending,utility operating and interconnection agreements needed,Define reserve sharing and island operation; blank Kenya file is not evidence of Somalia design,P2,none,089834b8fee23239d61ffb6e7d68279f0a74efed
zone_coincident_peak_demand.csv,LOAD_ZONE | PERIOD | zone_expected_coincident_peak_demand,peak_demand,partial,power_facts.csv; utility records needed,"Measure simultaneous served peak, distinguish suppressed demand and noncoincident peaks",P1,none,089834b8fee23239d61ffb6e7d68279f0a74efed
