site_id,temporal,start,end,parameter,unit,expected_timestamps,non_missing,missing,minimum,maximum,arithmetic_mean,source_id
mogadishu,hourly,20250101,20251231,ALLSKY_SFC_SW_DWN,Wh/m^2,8760,8760,0,0.0,1049.05,252.93698630136996,NASA_HOURLY_MOGADISHU
mogadishu,hourly,20250101,20251231,T2M,C,8760,8760,0,24.39,31.24,26.993751141552504,NASA_HOURLY_MOGADISHU
mogadishu,hourly,20250101,20251231,WS10M,m/s,8760,8760,0,0.4,11.44,6.9457340182648535,NASA_HOURLY_MOGADISHU
mogadishu,hourly,20250101,20251231,WS50M,m/s,8760,8760,0,0.43,13.54,8.106347031963448,NASA_HOURLY_MOGADISHU
mogadishu,hourly,20250101,20251231,RH2M,%,8760,8760,0,57.23,93.68,79.96687100456604,NASA_HOURLY_MOGADISHU
mogadishu,hourly,20250101,20251231,PRECTOTCORR,mm/hour,8760,8760,0,0.0,10.45,0.07932191780821723,NASA_HOURLY_MOGADISHU
hargeisa,hourly,20250101,20251231,ALLSKY_SFC_SW_DWN,Wh/m^2,8760,8760,0,0.0,1106.5,276.80391438356145,NASA_HOURLY_HARGEISA
hargeisa,hourly,20250101,20251231,T2M,C,8760,8760,0,6.77,35.82,22.062755707762502,NASA_HOURLY_HARGEISA
hargeisa,hourly,20250101,20251231,WS10M,m/s,8760,8760,0,0.06,14.59,4.8107123287671225,NASA_HOURLY_HARGEISA
hargeisa,hourly,20250101,20251231,WS50M,m/s,8760,8760,0,0.08,17.59,6.090487442922367,NASA_HOURLY_HARGEISA
hargeisa,hourly,20250101,20251231,RH2M,%,8760,8760,0,5.24,100.0,57.206484018264945,NASA_HOURLY_HARGEISA
hargeisa,hourly,20250101,20251231,PRECTOTCORR,mm/hour,8760,8760,0,0.0,8.46,0.04155136986301351,NASA_HOURLY_HARGEISA
bosaso,hourly,20250101,20251231,ALLSKY_SFC_SW_DWN,Wh/m^2,8760,8760,0,0.0,1018.88,260.2984006849316,NASA_HOURLY_BOSASO
bosaso,hourly,20250101,20251231,T2M,C,8760,8760,0,20.34,35.74,28.200228310502375,NASA_HOURLY_BOSASO
bosaso,hourly,20250101,20251231,WS10M,m/s,8760,8760,0,0.11,14.97,5.0287716894977015,NASA_HOURLY_BOSASO
bosaso,hourly,20250101,20251231,WS50M,m/s,8760,8760,0,0.1,17.86,5.804146118721455,NASA_HOURLY_BOSASO
bosaso,hourly,20250101,20251231,RH2M,%,8760,8760,0,30.83,91.88,66.29506735159826,NASA_HOURLY_BOSASO
bosaso,hourly,20250101,20251231,PRECTOTCORR,mm/hour,8760,8760,0,0.0,0.72,0.001126712328767122,NASA_HOURLY_BOSASO
garowe,hourly,20250101,20251231,ALLSKY_SFC_SW_DWN,Wh/m^2,8760,8760,0,0.0,1062.65,272.5414783105019,NASA_HOURLY_GAROWE
garowe,hourly,20250101,20251231,T2M,C,8760,8760,0,13.41,38.61,27.403561643835662,NASA_HOURLY_GAROWE
garowe,hourly,20250101,20251231,WS10M,m/s,8760,8760,0,0.12,15.82,6.546035388127825,NASA_HOURLY_GAROWE
garowe,hourly,20250101,20251231,WS50M,m/s,8760,8760,0,0.16,18.42,8.173918949771688,NASA_HOURLY_GAROWE
garowe,hourly,20250101,20251231,RH2M,%,8760,8760,0,7.42,97.75,51.25010045662113,NASA_HOURLY_GAROWE
garowe,hourly,20250101,20251231,PRECTOTCORR,mm/hour,8760,8760,0,0.0,0.15,0.00032534246575342395,NASA_HOURLY_GAROWE
kismayo,hourly,20250101,20251231,ALLSKY_SFC_SW_DWN,Wh/m^2,8760,8760,0,0.0,1037.03,249.66213356164337,NASA_HOURLY_KISMAYO
kismayo,hourly,20250101,20251231,T2M,C,8760,8760,0,24.36,31.81,27.360658675798984,NASA_HOURLY_KISMAYO
kismayo,hourly,20250101,20251231,WS10M,m/s,8760,8760,0,0.54,12.21,7.073565068493162,NASA_HOURLY_KISMAYO
kismayo,hourly,20250101,20251231,WS50M,m/s,8760,8760,0,0.71,14.06,8.136939497716897,NASA_HOURLY_KISMAYO
kismayo,hourly,20250101,20251231,RH2M,%,8760,8760,0,54.1,92.0,77.06697146118711,NASA_HOURLY_KISMAYO
kismayo,hourly,20250101,20251231,PRECTOTCORR,mm/hour,8760,8760,0,0.0,4.04,0.05244292237442734,NASA_HOURLY_KISMAYO
baidoa,hourly,20250101,20251231,ALLSKY_SFC_SW_DWN,Wh/m^2,8760,8760,0,0.0,1065.22,238.45594634703215,NASA_HOURLY_BAIDOA
baidoa,hourly,20250101,20251231,T2M,C,8760,8760,0,18.26,40.61,27.69005593607306,NASA_HOURLY_BAIDOA
baidoa,hourly,20250101,20251231,WS10M,m/s,8760,8760,0,0.39,10.77,5.582165525114164,NASA_HOURLY_BAIDOA
baidoa,hourly,20250101,20251231,WS50M,m/s,8760,8760,0,0.6,13.11,7.211254566210086,NASA_HOURLY_BAIDOA
baidoa,hourly,20250101,20251231,RH2M,%,8760,8760,0,12.51,99.36,61.51986757990852,NASA_HOURLY_BAIDOA
baidoa,hourly,20250101,20251231,PRECTOTCORR,mm/hour,8760,8760,0,0.0,7.49,0.05508561643835426,NASA_HOURLY_BAIDOA
beledweyne,hourly,20250101,20251231,ALLSKY_SFC_SW_DWN,Wh/m^2,8760,8760,0,0.0,1059.85,251.44074200913337,NASA_HOURLY_BELEDWEYNE
beledweyne,hourly,20250101,20251231,T2M,C,8760,8760,0,17.14,40.07,28.554262557077642,NASA_HOURLY_BELEDWEYNE
beledweyne,hourly,20250101,20251231,WS10M,m/s,8760,8760,0,0.37,11.43,5.776081050228321,NASA_HOURLY_BELEDWEYNE
beledweyne,hourly,20250101,20251231,WS50M,m/s,8760,8760,0,0.49,13.62,7.51818949771691,NASA_HOURLY_BELEDWEYNE
beledweyne,hourly,20250101,20251231,RH2M,%,8760,8760,0,13.62,97.28,55.806504566210286,NASA_HOURLY_BELEDWEYNE
beledweyne,hourly,20250101,20251231,PRECTOTCORR,mm/hour,8760,8760,0,0.0,3.82,0.04549429223744169,NASA_HOURLY_BELEDWEYNE
galkayo,hourly,20250101,20251231,ALLSKY_SFC_SW_DWN,Wh/m^2,8760,8760,0,0.0,1051.55,268.2131552511414,NASA_HOURLY_GALKAYO
galkayo,hourly,20250101,20251231,T2M,C,8760,8760,0,15.75,38.69,28.33382420091327,NASA_HOURLY_GALKAYO
galkayo,hourly,20250101,20251231,WS10M,m/s,8760,8760,0,0.11,13.93,6.285327625570763,NASA_HOURLY_GALKAYO
galkayo,hourly,20250101,20251231,WS50M,m/s,8760,8760,0,0.19,16.54,7.979892694063942,NASA_HOURLY_GALKAYO
galkayo,hourly,20250101,20251231,RH2M,%,8760,8760,0,10.51,98.29,53.012606164383506,NASA_HOURLY_GALKAYO
galkayo,hourly,20250101,20251231,PRECTOTCORR,mm/hour,8760,8760,0,0.0,3.05,0.011365296803653085,NASA_HOURLY_GALKAYO
berbera,hourly,20250101,20251231,ALLSKY_SFC_SW_DWN,Wh/m^2,8760,8760,0,0.0,1056.45,259.15718264840126,NASA_HOURLY_BERBERA
berbera,hourly,20250101,20251231,T2M,C,8760,8760,0,19.37,38.58,28.93356963470311,NASA_HOURLY_BERBERA
berbera,hourly,20250101,20251231,WS10M,m/s,8760,8760,0,0.04,16.61,4.9068527397260056,NASA_HOURLY_BERBERA
berbera,hourly,20250101,20251231,WS50M,m/s,8760,8760,0,0.07,19.5,5.886308219178104,NASA_HOURLY_BERBERA
berbera,hourly,20250101,20251231,RH2M,%,8760,8760,0,28.2,91.19,62.03752054794532,NASA_HOURLY_BERBERA
berbera,hourly,20250101,20251231,PRECTOTCORR,mm/hour,8760,8760,0,0.0,3.92,0.014252283105022943,NASA_HOURLY_BERBERA
dhuusamareeb,hourly,20250101,20251231,ALLSKY_SFC_SW_DWN,Wh/m^2,8760,8760,0,0.0,1047.65,257.7315034246584,NASA_HOURLY_DHUUSAMAREEB
dhuusamareeb,hourly,20250101,20251231,T2M,C,8760,8760,0,17.42,39.37,28.600413242009118,NASA_HOURLY_DHUUSAMAREEB
dhuusamareeb,hourly,20250101,20251231,WS10M,m/s,8760,8760,0,0.26,12.56,6.246726027397235,NASA_HOURLY_DHUUSAMAREEB
dhuusamareeb,hourly,20250101,20251231,WS50M,m/s,8760,8760,0,0.12,14.73,7.954151826484026,NASA_HOURLY_DHUUSAMAREEB
dhuusamareeb,hourly,20250101,20251231,RH2M,%,8760,8760,0,12.11,96.03,55.02960730593588,NASA_HOURLY_DHUUSAMAREEB
dhuusamareeb,hourly,20250101,20251231,PRECTOTCORR,mm/hour,8760,8760,0,0.0,10.35,0.02211301369863002,NASA_HOURLY_DHUUSAMAREEB
