site_id,city_label,latitude,longitude,coordinate_status,not_for
mogadishu,Mogadishu,2.04,45.34,analyst_selected_approximate_city_sampling_point,asset_siting_or_electrical_zone_boundaries
hargeisa,Hargeisa,9.56,44.06,analyst_selected_approximate_city_sampling_point,asset_siting_or_electrical_zone_boundaries
bosaso,Bosaso,11.28,49.18,analyst_selected_approximate_city_sampling_point,asset_siting_or_electrical_zone_boundaries
garowe,Garowe,8.4,48.48,analyst_selected_approximate_city_sampling_point,asset_siting_or_electrical_zone_boundaries
kismayo,Kismayo,-0.36,42.55,analyst_selected_approximate_city_sampling_point,asset_siting_or_electrical_zone_boundaries
baidoa,Baidoa,3.12,43.65,analyst_selected_approximate_city_sampling_point,asset_siting_or_electrical_zone_boundaries
beledweyne,Beledweyne,4.74,45.2,analyst_selected_approximate_city_sampling_point,asset_siting_or_electrical_zone_boundaries
galkayo,Galkayo,6.77,47.43,analyst_selected_approximate_city_sampling_point,asset_siting_or_electrical_zone_boundaries
berbera,Berbera,10.44,45.01,analyst_selected_approximate_city_sampling_point,asset_siting_or_electrical_zone_boundaries
dhuusamareeb,Dhuusamareeb,5.53,46.39,analyst_selected_approximate_city_sampling_point,asset_siting_or_electrical_zone_boundaries
