indicator_id,indicator_name,value,unit,geography,temporal_basis,publication_year,source_id,source_sheet,source_cell,source_url,caveat
national_ghi,Average GHI,6.0283,kWh/m2/day,Somalia source country extent,long_term,2020,ESMAP_SOLAR_WORKBOOK,Country indicators,K170,https://energydata.info/dataset/global-photovoltaic-power-potential-by-country,Long-term modeled resource; not2020 weather. Spatial percentiles are not exceedance probabilities; PVOUT technology/design assumptions are source-specific.
national_pvout,Average practical PV output Level1,4.7617,kWh/kWp/day,Somalia source country extent,long_term,2020,ESMAP_SOLAR_WORKBOOK,Country indicators,L170,https://energydata.info/dataset/global-photovoltaic-power-potential-by-country,Long-term modeled resource; not2020 weather. Spatial percentiles are not exceedance probabilities; PVOUT technology/design assumptions are source-specific.
pv_seasonality,PV seasonality index,1.4981,ratio,Somalia source country extent,long_term,2020,ESMAP_SOLAR_WORKBOOK,Country indicators,N170,https://energydata.info/dataset/global-photovoltaic-power-potential-by-country,Long-term modeled resource; not2020 weather. Spatial percentiles are not exceedance probabilities; PVOUT technology/design assumptions are source-specific.
pvout_january,PVOUT Level1 January,5.3534,kWh/kWp/day,Somalia source country extent,long_term_monthly_climatology,2020,ESMAP_SOLAR_WORKBOOK,Monthly data,F170,https://energydata.info/dataset/global-photovoltaic-power-potential-by-country,Long-term modeled resource; not2020 weather. Spatial percentiles are not exceedance probabilities; PVOUT technology/design assumptions are source-specific.
pvout_february,PVOUT Level1 February,5.5983,kWh/kWp/day,Somalia source country extent,long_term_monthly_climatology,2020,ESMAP_SOLAR_WORKBOOK,Monthly data,G170,https://energydata.info/dataset/global-photovoltaic-power-potential-by-country,Long-term modeled resource; not2020 weather. Spatial percentiles are not exceedance probabilities; PVOUT technology/design assumptions are source-specific.
pvout_march,PVOUT Level1 March,5.411,kWh/kWp/day,Somalia source country extent,long_term_monthly_climatology,2020,ESMAP_SOLAR_WORKBOOK,Monthly data,H170,https://energydata.info/dataset/global-photovoltaic-power-potential-by-country,Long-term modeled resource; not2020 weather. Spatial percentiles are not exceedance probabilities; PVOUT technology/design assumptions are source-specific.
pvout_april,PVOUT Level1 April,4.8063,kWh/kWp/day,Somalia source country extent,long_term_monthly_climatology,2020,ESMAP_SOLAR_WORKBOOK,Monthly data,I170,https://energydata.info/dataset/global-photovoltaic-power-potential-by-country,Long-term modeled resource; not2020 weather. Spatial percentiles are not exceedance probabilities; PVOUT technology/design assumptions are source-specific.
pvout_may,PVOUT Level1 May,4.4244,kWh/kWp/day,Somalia source country extent,long_term_monthly_climatology,2020,ESMAP_SOLAR_WORKBOOK,Monthly data,J170,https://energydata.info/dataset/global-photovoltaic-power-potential-by-country,Long-term modeled resource; not2020 weather. Spatial percentiles are not exceedance probabilities; PVOUT technology/design assumptions are source-specific.
pvout_june,PVOUT Level1 June,3.9856,kWh/kWp/day,Somalia source country extent,long_term_monthly_climatology,2020,ESMAP_SOLAR_WORKBOOK,Monthly data,K170,https://energydata.info/dataset/global-photovoltaic-power-potential-by-country,Long-term modeled resource; not2020 weather. Spatial percentiles are not exceedance probabilities; PVOUT technology/design assumptions are source-specific.
pvout_july,PVOUT Level1 July,3.8186,kWh/kWp/day,Somalia source country extent,long_term_monthly_climatology,2020,ESMAP_SOLAR_WORKBOOK,Monthly data,L170,https://energydata.info/dataset/global-photovoltaic-power-potential-by-country,Long-term modeled resource; not2020 weather. Spatial percentiles are not exceedance probabilities; PVOUT technology/design assumptions are source-specific.
pvout_august,PVOUT Level1 August,4.3693,kWh/kWp/day,Somalia source country extent,long_term_monthly_climatology,2020,ESMAP_SOLAR_WORKBOOK,Monthly data,M170,https://energydata.info/dataset/global-photovoltaic-power-potential-by-country,Long-term modeled resource; not2020 weather. Spatial percentiles are not exceedance probabilities; PVOUT technology/design assumptions are source-specific.
pvout_september,PVOUT Level1 September,4.8186,kWh/kWp/day,Somalia source country extent,long_term_monthly_climatology,2020,ESMAP_SOLAR_WORKBOOK,Monthly data,N170,https://energydata.info/dataset/global-photovoltaic-power-potential-by-country,Long-term modeled resource; not2020 weather. Spatial percentiles are not exceedance probabilities; PVOUT technology/design assumptions are source-specific.
pvout_october,PVOUT Level1 October,4.64,kWh/kWp/day,Somalia source country extent,long_term_monthly_climatology,2020,ESMAP_SOLAR_WORKBOOK,Monthly data,O170,https://energydata.info/dataset/global-photovoltaic-power-potential-by-country,Long-term modeled resource; not2020 weather. Spatial percentiles are not exceedance probabilities; PVOUT technology/design assumptions are source-specific.
pvout_november,PVOUT Level1 November,4.8549,kWh/kWp/day,Somalia source country extent,long_term_monthly_climatology,2020,ESMAP_SOLAR_WORKBOOK,Monthly data,P170,https://energydata.info/dataset/global-photovoltaic-power-potential-by-country,Long-term modeled resource; not2020 weather. Spatial percentiles are not exceedance probabilities; PVOUT technology/design assumptions are source-specific.
pvout_december,PVOUT Level1 December,5.1156,kWh/kWp/day,Somalia source country extent,long_term_monthly_climatology,2020,ESMAP_SOLAR_WORKBOOK,Monthly data,Q170,https://energydata.info/dataset/global-photovoltaic-power-potential-by-country,Long-term modeled resource; not2020 weather. Spatial percentiles are not exceedance probabilities; PVOUT technology/design assumptions are source-specific.
ghi_minimum,GHI minimum,5.381,kWh/m2/day,Somalia source country extent,long_term_spatial_statistic,2020,ESMAP_SOLAR_WORKBOOK,Summary statistics,E170,https://energydata.info/dataset/global-photovoltaic-power-potential-by-country,Long-term modeled resource; not2020 weather. Spatial percentiles are not exceedance probabilities; PVOUT technology/design assumptions are source-specific.
pvout_minimum,PVOUT Level1 minimum,4.195,kWh/kWp/day,Somalia source country extent,long_term_spatial_statistic,2020,ESMAP_SOLAR_WORKBOOK,Summary statistics,M170,https://energydata.info/dataset/global-photovoltaic-power-potential-by-country,Long-term modeled resource; not2020 weather. Spatial percentiles are not exceedance probabilities; PVOUT technology/design assumptions are source-specific.
ghi_spatial_p10,GHI spatial_p10,5.541,kWh/m2/day,Somalia source country extent,long_term_spatial_statistic,2020,ESMAP_SOLAR_WORKBOOK,Summary statistics,F170,https://energydata.info/dataset/global-photovoltaic-power-potential-by-country,Long-term modeled resource; not2020 weather. Spatial percentiles are not exceedance probabilities; PVOUT technology/design assumptions are source-specific.
pvout_spatial_p10,PVOUT Level1 spatial_p10,4.324,kWh/kWp/day,Somalia source country extent,long_term_spatial_statistic,2020,ESMAP_SOLAR_WORKBOOK,Summary statistics,N170,https://energydata.info/dataset/global-photovoltaic-power-potential-by-country,Long-term modeled resource; not2020 weather. Spatial percentiles are not exceedance probabilities; PVOUT technology/design assumptions are source-specific.
ghi_spatial_p25,GHI spatial_p25,5.682,kWh/m2/day,Somalia source country extent,long_term_spatial_statistic,2020,ESMAP_SOLAR_WORKBOOK,Summary statistics,G170,https://energydata.info/dataset/global-photovoltaic-power-potential-by-country,Long-term modeled resource; not2020 weather. Spatial percentiles are not exceedance probabilities; PVOUT technology/design assumptions are source-specific.
pvout_spatial_p25,PVOUT Level1 spatial_p25,4.452,kWh/kWp/day,Somalia source country extent,long_term_spatial_statistic,2020,ESMAP_SOLAR_WORKBOOK,Summary statistics,O170,https://energydata.info/dataset/global-photovoltaic-power-potential-by-country,Long-term modeled resource; not2020 weather. Spatial percentiles are not exceedance probabilities; PVOUT technology/design assumptions are source-specific.
ghi_mean,GHI mean,6.0283,kWh/m2/day,Somalia source country extent,long_term_spatial_statistic,2020,ESMAP_SOLAR_WORKBOOK,Summary statistics,H170,https://energydata.info/dataset/global-photovoltaic-power-potential-by-country,Long-term modeled resource; not2020 weather. Spatial percentiles are not exceedance probabilities; PVOUT technology/design assumptions are source-specific.
pvout_mean,PVOUT Level1 mean,4.7617,kWh/kWp/day,Somalia source country extent,long_term_spatial_statistic,2020,ESMAP_SOLAR_WORKBOOK,Summary statistics,P170,https://energydata.info/dataset/global-photovoltaic-power-potential-by-country,Long-term modeled resource; not2020 weather. Spatial percentiles are not exceedance probabilities; PVOUT technology/design assumptions are source-specific.
ghi_median,GHI median,5.994,kWh/m2/day,Somalia source country extent,long_term_spatial_statistic,2020,ESMAP_SOLAR_WORKBOOK,Summary statistics,I170,https://energydata.info/dataset/global-photovoltaic-power-potential-by-country,Long-term modeled resource; not2020 weather. Spatial percentiles are not exceedance probabilities; PVOUT technology/design assumptions are source-specific.
pvout_median,PVOUT Level1 median,4.716,kWh/kWp/day,Somalia source country extent,long_term_spatial_statistic,2020,ESMAP_SOLAR_WORKBOOK,Summary statistics,Q170,https://energydata.info/dataset/global-photovoltaic-power-potential-by-country,Long-term modeled resource; not2020 weather. Spatial percentiles are not exceedance probabilities; PVOUT technology/design assumptions are source-specific.
ghi_spatial_p75,GHI spatial_p75,6.372,kWh/m2/day,Somalia source country extent,long_term_spatial_statistic,2020,ESMAP_SOLAR_WORKBOOK,Summary statistics,J170,https://energydata.info/dataset/global-photovoltaic-power-potential-by-country,Long-term modeled resource; not2020 weather. Spatial percentiles are not exceedance probabilities; PVOUT technology/design assumptions are source-specific.
pvout_spatial_p75,PVOUT Level1 spatial_p75,5.07,kWh/kWp/day,Somalia source country extent,long_term_spatial_statistic,2020,ESMAP_SOLAR_WORKBOOK,Summary statistics,R170,https://energydata.info/dataset/global-photovoltaic-power-potential-by-country,Long-term modeled resource; not2020 weather. Spatial percentiles are not exceedance probabilities; PVOUT technology/design assumptions are source-specific.
ghi_spatial_p90,GHI spatial_p90,6.552,kWh/m2/day,Somalia source country extent,long_term_spatial_statistic,2020,ESMAP_SOLAR_WORKBOOK,Summary statistics,K170,https://energydata.info/dataset/global-photovoltaic-power-potential-by-country,Long-term modeled resource; not2020 weather. Spatial percentiles are not exceedance probabilities; PVOUT technology/design assumptions are source-specific.
pvout_spatial_p90,PVOUT Level1 spatial_p90,5.25,kWh/kWp/day,Somalia source country extent,long_term_spatial_statistic,2020,ESMAP_SOLAR_WORKBOOK,Summary statistics,S170,https://energydata.info/dataset/global-photovoltaic-power-potential-by-country,Long-term modeled resource; not2020 weather. Spatial percentiles are not exceedance probabilities; PVOUT technology/design assumptions are source-specific.
ghi_maximum,GHI maximum,6.735,kWh/m2/day,Somalia source country extent,long_term_spatial_statistic,2020,ESMAP_SOLAR_WORKBOOK,Summary statistics,L170,https://energydata.info/dataset/global-photovoltaic-power-potential-by-country,Long-term modeled resource; not2020 weather. Spatial percentiles are not exceedance probabilities; PVOUT technology/design assumptions are source-specific.
pvout_maximum,PVOUT Level1 maximum,5.44,kWh/kWp/day,Somalia source country extent,long_term_spatial_statistic,2020,ESMAP_SOLAR_WORKBOOK,Summary statistics,T170,https://energydata.info/dataset/global-photovoltaic-power-potential-by-country,Long-term modeled resource; not2020 weather. Spatial percentiles are not exceedance probabilities; PVOUT technology/design assumptions are source-specific.
