indicator_code,indicator_name,category,status,observations,first_year,last_year,latest_value,unit,source_url
SP.POP.TOTL,"Population, total",demography,available,66,1960,2025,19654739,people,https://api.worldbank.org/v2/country/SOM/indicator/SP.POP.TOTL?format=json&per_page=1000&date=1960:2025&source=2
SP.POP.GROW,Population growth (annual %),demography,available,65,1961,2025,3.3397984923678,% annual,https://api.worldbank.org/v2/country/SOM/indicator/SP.POP.GROW?format=json&per_page=1000&date=1960:2025&source=2
SP.URB.TOTL,Urban population,demography,available,66,1960,2025,10837605,people,https://api.worldbank.org/v2/country/SOM/indicator/SP.URB.TOTL?format=json&per_page=1000&date=1960:2025&source=2
SP.URB.TOTL.IN.ZS,Urban population (% of total population),demography,available,66,1960,2025,55.1399062872976,% of population,https://api.worldbank.org/v2/country/SOM/indicator/SP.URB.TOTL.IN.ZS?format=json&per_page=1000&date=1960:2025&source=2
SP.RUR.TOTL,Rural population,demography,available,66,1960,2025,8817134,people,https://api.worldbank.org/v2/country/SOM/indicator/SP.RUR.TOTL?format=json&per_page=1000&date=1960:2025&source=2
EN.POP.DNST,Population density (people per sq. km of land area),demography,available,63,1961,2023,29.2642187649441,people/km2 land area,https://api.worldbank.org/v2/country/SOM/indicator/EN.POP.DNST?format=json&per_page=1000&date=1960:2025&source=2
EG.ELC.ACCS.ZS,Access to electricity (% of population),electricity_access,available,25,2000,2024,54.4,% of population,https://api.worldbank.org/v2/country/SOM/indicator/EG.ELC.ACCS.ZS?format=json&per_page=1000&date=1960:2025&source=2
EG.ELC.ACCS.UR.ZS,"Access to electricity, urban (% of urban population)",electricity_access,available,25,2000,2024,73.4,% of urban population,https://api.worldbank.org/v2/country/SOM/indicator/EG.ELC.ACCS.UR.ZS?format=json&per_page=1000&date=1960:2025&source=2
EG.ELC.ACCS.RU.ZS,"Access to electricity, rural (% of rural population)",electricity_access,available,20,2004,2024,24.4,% of rural population,https://api.worldbank.org/v2/country/SOM/indicator/EG.ELC.ACCS.RU.ZS?format=json&per_page=1000&date=1960:2025&source=2
EG.CFT.ACCS.ZS,Access to clean fuels and technologies for cooking (% of population),energy_access,available,24,2000,2023,5.4,% of population,https://api.worldbank.org/v2/country/SOM/indicator/EG.CFT.ACCS.ZS?format=json&per_page=1000&date=1960:2025&source=2
EG.FEC.RNEW.ZS,Renewable energy consumption (% of total final energy consumption),energy_balance,available,33,1990,2022,95.4,% of total final energy consumption,https://api.worldbank.org/v2/country/SOM/indicator/EG.FEC.RNEW.ZS?format=json&per_page=1000&date=1960:2025&source=2
EG.ELC.RNEW.ZS,Renewable electricity output (% of total electricity output),electricity_generation,available,22,2000,2021,11.2132448947616,% of electricity output,https://api.worldbank.org/v2/country/SOM/indicator/EG.ELC.RNEW.ZS?format=json&per_page=1000&date=1960:2025&source=2
EG.USE.PCAP.KG.OE,Energy use (kg of oil equivalent per capita),energy_balance,no_non_null_data,0,,,,kg oil equivalent/person,https://api.worldbank.org/v2/country/SOM/indicator/EG.USE.PCAP.KG.OE?format=json&per_page=1000&date=1960:2025&source=2
EG.USE.ELEC.KH.PC,Electric power consumption (kWh per capita),electricity_consumption,no_non_null_data,0,,,,kWh/person,https://api.worldbank.org/v2/country/SOM/indicator/EG.USE.ELEC.KH.PC?format=json&per_page=1000&date=1960:2025&source=2
EG.ELC.LOSS.ZS,Electric power transmission and distribution losses (% of output),electricity_network,no_non_null_data,0,,,,% of output,https://api.worldbank.org/v2/country/SOM/indicator/EG.ELC.LOSS.ZS?format=json&per_page=1000&date=1960:2025&source=2
EG.IMP.CONS.ZS,"Energy imports, net (% of energy use)",energy_balance,no_non_null_data,0,,,,% of energy use,https://api.worldbank.org/v2/country/SOM/indicator/EG.IMP.CONS.ZS?format=json&per_page=1000&date=1960:2025&source=2
EG.USE.COMM.FO.ZS,Fossil fuel energy consumption (% of total),energy_balance,no_non_null_data,0,,,,% of total energy use,https://api.worldbank.org/v2/country/SOM/indicator/EG.USE.COMM.FO.ZS?format=json&per_page=1000&date=1960:2025&source=2
EG.ELC.PROD.KH,EG.ELC.PROD.KH,electricity_generation,api_error,0,,,,kWh,https://api.worldbank.org/v2/country/SOM/indicator/EG.ELC.PROD.KH?format=json&per_page=1000&date=1960:2025&source=2
EG.ELC.FOSL.ZS,"Electricity production from oil, gas and coal sources (% of total)",electricity_generation,available,22,2000,2021,88.7867551052384,% of total output,https://api.worldbank.org/v2/country/SOM/indicator/EG.ELC.FOSL.ZS?format=json&per_page=1000&date=1960:2025&source=2
EG.ELC.HYRO.ZS,Electricity production from hydroelectric sources (% of total),electricity_generation,available,22,2000,2021,0,% of total output,https://api.worldbank.org/v2/country/SOM/indicator/EG.ELC.HYRO.ZS?format=json&per_page=1000&date=1960:2025&source=2
EG.ELC.RNWX.ZS,"Electricity production from renewable sources, excluding hydroelectric (% of total)",electricity_generation,available,22,2000,2021,11.2132448947616,% of total output,https://api.worldbank.org/v2/country/SOM/indicator/EG.ELC.RNWX.ZS?format=json&per_page=1000&date=1960:2025&source=2
EG.EGY.PRIM.PP.KD,Energy intensity level of primary energy (MJ/$2021 PPP GDP),energy_intensity,available,23,2000,2022,6.51,MJ/$2021 PPP GDP,https://api.worldbank.org/v2/country/SOM/indicator/EG.EGY.PRIM.PP.KD?format=json&per_page=1000&date=1960:2025&source=2
NY.GDP.MKTP.CD,GDP (current US$),economy,available,66,1960,2025,12995200000.2658,current USD,https://api.worldbank.org/v2/country/SOM/indicator/NY.GDP.MKTP.CD?format=json&per_page=1000&date=1960:2025&source=2
NY.GDP.MKTP.KD,GDP (constant 2015 US$),economy,available,66,1960,2025,9148089787.32035,constant 2015 USD,https://api.worldbank.org/v2/country/SOM/indicator/NY.GDP.MKTP.KD?format=json&per_page=1000&date=1960:2025&source=2
NY.GDP.MKTP.KD.ZG,GDP growth (annual %),economy,available,65,1961,2025,2.99114404482197,% annual,https://api.worldbank.org/v2/country/SOM/indicator/NY.GDP.MKTP.KD.ZG?format=json&per_page=1000&date=1960:2025&source=2
NY.GDP.PCAP.CD,GDP per capita (current US$),economy,available,66,1960,2025,661.173877723116,current USD/person,https://api.worldbank.org/v2/country/SOM/indicator/NY.GDP.PCAP.CD?format=json&per_page=1000&date=1960:2025&source=2
NY.GDP.PCAP.KD,GDP per capita (constant 2015 US$),economy,available,66,1960,2025,465.439392877227,constant 2015 USD/person,https://api.worldbank.org/v2/country/SOM/indicator/NY.GDP.PCAP.KD?format=json&per_page=1000&date=1960:2025&source=2
FP.CPI.TOTL.ZG,"Inflation, consumer prices (annual %)",finance,no_non_null_data,0,,,,% annual,https://api.worldbank.org/v2/country/SOM/indicator/FP.CPI.TOTL.ZG?format=json&per_page=1000&date=1960:2025&source=2
PA.NUS.FCRF,"Official exchange rate (LCU per US$, period average)",finance,available,39,1960,2017,23097.9873219373,LCU/USD period average,https://api.worldbank.org/v2/country/SOM/indicator/PA.NUS.FCRF?format=json&per_page=1000&date=1960:2025&source=2
NE.IMP.GNFS.CD,Imports of goods and services (current US$),trade,available,45,1960,2025,12841200000.5979,current USD,https://api.worldbank.org/v2/country/SOM/indicator/NE.IMP.GNFS.CD?format=json&per_page=1000&date=1960:2025&source=2
NE.EXP.GNFS.CD,Exports of goods and services (current US$),trade,available,45,1960,2025,3800899999.86713,current USD,https://api.worldbank.org/v2/country/SOM/indicator/NE.EXP.GNFS.CD?format=json&per_page=1000&date=1960:2025&source=2
TX.VAL.FUEL.ZS.UN,Fuel exports (% of merchandise exports),trade,available,14,1962,1982,1.11778154998697,% of merchandise exports,https://api.worldbank.org/v2/country/SOM/indicator/TX.VAL.FUEL.ZS.UN?format=json&per_page=1000&date=1960:2025&source=2
TM.VAL.FUEL.ZS.UN,Fuel imports (% of merchandise imports),trade,available,15,1962,1982,12.4442947637957,% of merchandise imports,https://api.worldbank.org/v2/country/SOM/indicator/TM.VAL.FUEL.ZS.UN?format=json&per_page=1000&date=1960:2025&source=2
NV.AGR.TOTL.ZS,"Agriculture, forestry, and fishing, value added (% of GDP)",productive_sectors,available,31,1960,1990,55.7941831843125,% of GDP,https://api.worldbank.org/v2/country/SOM/indicator/NV.AGR.TOTL.ZS?format=json&per_page=1000&date=1960:2025&source=2
NV.IND.TOTL.ZS,"Industry (including construction), value added (% of GDP)",productive_sectors,available,27,1960,1986,9.65642836480582,% of GDP,https://api.worldbank.org/v2/country/SOM/indicator/NV.IND.TOTL.ZS?format=json&per_page=1000&date=1960:2025&source=2
NV.IND.MANF.ZS,"Manufacturing, value added (% of GDP)",productive_sectors,available,31,1960,1990,3.93713101486059,% of GDP,https://api.worldbank.org/v2/country/SOM/indicator/NV.IND.MANF.ZS?format=json&per_page=1000&date=1960:2025&source=2
NV.SRV.TOTL.ZS,"Services, value added (% of GDP)",productive_sectors,no_non_null_data,0,,,,% of GDP,https://api.worldbank.org/v2/country/SOM/indicator/NV.SRV.TOTL.ZS?format=json&per_page=1000&date=1960:2025&source=2
NE.GDI.TOTL.ZS,Gross capital formation (% of GDP),finance,available,45,1960,2025,28.1142267908557,% of GDP,https://api.worldbank.org/v2/country/SOM/indicator/NE.GDI.TOTL.ZS?format=json&per_page=1000&date=1960:2025&source=2
BX.KLT.DINV.WD.GD.ZS,"Foreign direct investment, net inflows (% of GDP)",finance,available,55,1970,2024,6.39257959388318,% of GDP,https://api.worldbank.org/v2/country/SOM/indicator/BX.KLT.DINV.WD.GD.ZS?format=json&per_page=1000&date=1960:2025&source=2
BX.TRF.PWKR.DT.GD.ZS,"Personal remittances, received (% of GDP)",finance,available,5,1979,1983,2.95080769214427,% of GDP,https://api.worldbank.org/v2/country/SOM/indicator/BX.TRF.PWKR.DT.GD.ZS?format=json&per_page=1000&date=1960:2025&source=2
AG.LND.TOTL.K2,Land area (sq. km),land,available,63,1961,2023,627340,km2,https://api.worldbank.org/v2/country/SOM/indicator/AG.LND.TOTL.K2?format=json&per_page=1000&date=1960:2025&source=2
AG.LND.AGRI.ZS,Agricultural land (% of land area),land,available,63,1961,2023,70.3433544808238,% of land area,https://api.worldbank.org/v2/country/SOM/indicator/AG.LND.AGRI.ZS?format=json&per_page=1000&date=1960:2025&source=2
AG.LND.FRST.ZS,Forest area (% of land area),land,available,34,1990,2023,9.16528517231485,% of land area,https://api.worldbank.org/v2/country/SOM/indicator/AG.LND.FRST.ZS?format=json&per_page=1000&date=1960:2025&source=2
AG.LND.ARBL.ZS,Arable land (% of land area),land,available,63,1961,2023,1.75343513884018,% of land area,https://api.worldbank.org/v2/country/SOM/indicator/AG.LND.ARBL.ZS?format=json&per_page=1000&date=1960:2025&source=2
ER.H2O.INTR.PC,Renewable internal freshwater resources per capita (cubic meters),water,available,62,1961,2022,337.042732018953,m3/person/year,https://api.worldbank.org/v2/country/SOM/indicator/ER.H2O.INTR.PC?format=json&per_page=1000&date=1960:2025&source=2
ER.H2O.FWTL.ZS,"Annual freshwater withdrawals, total (% of internal resources)",water,available,36,1987,2022,54.9666666666667,% of internal resources,https://api.worldbank.org/v2/country/SOM/indicator/ER.H2O.FWTL.ZS?format=json&per_page=1000&date=1960:2025&source=2
SH.H2O.BASW.ZS,People using at least basic drinking water services (% of population),water,available,25,2000,2024,75.2947964571377,% of population,https://api.worldbank.org/v2/country/SOM/indicator/SH.H2O.BASW.ZS?format=json&per_page=1000&date=1960:2025&source=2
SH.STA.BASS.ZS,People using at least basic sanitation services (% of population),water,available,25,2000,2024,44.4568438332571,% of population,https://api.worldbank.org/v2/country/SOM/indicator/SH.STA.BASS.ZS?format=json&per_page=1000&date=1960:2025&source=2
IT.NET.USER.ZS,Individuals using the Internet (% of population),infrastructure,available,28,1990,2024,27.94020081,% of population,https://api.worldbank.org/v2/country/SOM/indicator/IT.NET.USER.ZS?format=json&per_page=1000&date=1960:2025&source=2
IT.CEL.SETS.P2,Mobile cellular subscriptions (per 100 people),infrastructure,available,52,1960,2023,53.9579646939598,subscriptions/100 people,https://api.worldbank.org/v2/country/SOM/indicator/IT.CEL.SETS.P2?format=json&per_page=1000&date=1960:2025&source=2
IC.ELC.OUTG,IC.ELC.OUTG,business_electricity,api_error,0,,,,outages/typical month,https://api.worldbank.org/v2/country/SOM/indicator/IC.ELC.OUTG?format=json&per_page=1000&date=1960:2025&source=2
IC.ELC.LOSS.ZS,IC.ELC.LOSS.ZS,business_electricity,api_error,0,,,,% of annual sales,https://api.worldbank.org/v2/country/SOM/indicator/IC.ELC.LOSS.ZS?format=json&per_page=1000&date=1960:2025&source=2
IC.ELC.OWNG.ZS,IC.ELC.OWNG.ZS,business_electricity,api_error,0,,,,% of firms,https://api.worldbank.org/v2/country/SOM/indicator/IC.ELC.OWNG.ZS?format=json&per_page=1000&date=1960:2025&source=2
IC.FRM.OUTG.ZS,Value lost due to electrical outages (% of sales for affected firms),business_electricity,available,1,2025,2025,0,% of sales for affected firms,https://api.worldbank.org/v2/country/SOM/indicator/IC.FRM.OUTG.ZS?format=json&per_page=1000&date=1960:2025&source=2
IC.ELC.OUTG.ZS,Firms experiencing electrical outages (% of firms),business_electricity,available,1,2025,2025,52.56361389,% of firms,https://api.worldbank.org/v2/country/SOM/indicator/IC.ELC.OUTG.ZS?format=json&per_page=1000&date=1960:2025&source=2
