indicator_code,name,source_note,source_organization,api_unit,displayed_unit,unit_note,source_url
SP.POP.TOTL,"Population, total","Total population is based on the de facto definition of population, which counts all residents regardless of legal status or citizenship. The values shown are midyear estimates.","World Population Prospects, United Nations (UN), uri: https://population.un.org/wpp/, publisher: UN Population Division;
Statistical databases and publications from national statistical offices, National Statistical Offices (NSOs), uri: https://unstats.un.org/home/nso_sites/, publisher: National Statistical Offices;
Eurostat: Demographic Statistics, Eurostat (ESTAT), uri: https://ec.europa.eu/eurostat/data/database?node_code=earn_ses_monthly, publisher: Eurostat;
Population and Vital Statistics Report (various years), United Nations (UN), uri: https://unstats.un.org, publisher: UN Statistics Division",,people,API unit if supplied; otherwise indicator-title based unit mapping; verify metadata before conversion,https://api.worldbank.org/v2/indicator/SP.POP.TOTL?format=json&source=2
SP.POP.GROW,Population growth (annual %),"Annual population growth rate for year t is the exponential rate of growth of midyear population from year t-1 to t, expressed as a percentage. Population is based on the de facto definition of population, which counts all residents regardless of legal status or citizenship.","World Population Prospects, United Nations (UN), note: Derived from total population, publisher: UN Population Division;
Statistical databases and publications from national statistical offices, National Statistical Offices (NSOs), note: Derived from total population;
Demographic Statistics, Eurostat (ESTAT), note: Derived from total population;
Population and Vital Statistics Report (various years), United Nations (UN), note: Derived from total population, publisher: UN Statistical Division",,% annual,API unit if supplied; otherwise indicator-title based unit mapping; verify metadata before conversion,https://api.worldbank.org/v2/indicator/SP.POP.GROW?format=json&source=2
SP.URB.TOTL,Urban population,Urban population refers to people living in urban areas as defined by national statistical offices. It is calculated using World Bank population estimates and urban ratios from the United Nations World Urbanization Prospects. Aggregation of urban and rural population may not add up to total population because of different country coverages.,"World Urbanization Prospects, United Nations (UN), uri: https://population.un.org/wup/, note: World Bank staff estimates based on the United Nations Population Division's World Urbanization Prospects, National definitions, publisher: UN Population Division;
Staff estimates, World Bank (WB), note: World Bank staff estimates based on the United Nations Population Division's World Urbanization Prospects, National definitions",,people,API unit if supplied; otherwise indicator-title based unit mapping; verify metadata before conversion,https://api.worldbank.org/v2/indicator/SP.URB.TOTL?format=json&source=2
SP.URB.TOTL.IN.ZS,Urban population (% of total population),Urban population refers to people living in urban areas as defined by national statistical offices. The data are collected and smoothed by United Nations Population Division.,"World Urbanization Prospects, United Nations (UN), uri: https://population.un.org/wup/, note: United Nations Population Division's World Urbanization Prospects, National definitions, publisher: UN Population Division",,% of population,API unit if supplied; otherwise indicator-title based unit mapping; verify metadata before conversion,https://api.worldbank.org/v2/indicator/SP.URB.TOTL.IN.ZS?format=json&source=2
SP.RUR.TOTL,Rural population,Rural population refers to people living in rural areas as defined by national statistical offices. It is calculated as the difference between total population and urban population. Aggregation of urban and rural population may not add up to total population because of different country coverages.,"World Urbanization Prospects, United Nations (UN), uri: https://population.un.org/wup/, note: World Bank staff estimates based on the United Nations Population Division's World Urbanization Prospects, National definitions, publisher: UN Population Division;
Staff estimates, World Bank (WB), note: World Bank staff estimates based on the United Nations Population Division's World Urbanization Prospects, National definitions",,people,API unit if supplied; otherwise indicator-title based unit mapping; verify metadata before conversion,https://api.worldbank.org/v2/indicator/SP.RUR.TOTL?format=json&source=2
EN.POP.DNST,Population density (people per sq. km of land area),"Population density is midyear population divided by land area in square kilometers. Population is based on the de facto definition of population, which counts all residents regardless of legal status or citizenship--except for refugees not permanently settled in the country of asylum, who are generally considered part of the population of their country of origin. Land area is a country's total area, excluding area under inland water bodies, national claims to continental shelf, and exclusive economic zones. In most cases the definition of inland water bodies includes major rivers and lakes.","FAO population estimates, Food and Agriculture Organization of the United Nations (FAO), publisher: Food and Agriculture Organization of the United Nations (FAO);
World Bank population estimates, World Bank (WB), publisher: World Bank (WB)",,people/km2 land area,API unit if supplied; otherwise indicator-title based unit mapping; verify metadata before conversion,https://api.worldbank.org/v2/indicator/EN.POP.DNST?format=json&source=2
EG.ELC.ACCS.ZS,Access to electricity (% of population),"Access to electricity is the percentage of population with access to electricity. Electrification data are collected from industry, national surveys and international sources.","SDG 7.1.1 Electrification Dataset, World Bank (WB), uri: https://trackingsdg7.esmap.org/downloads, note: Data is downloaded from ESMAP website. Data is released when a new Tracking SDG7 report is released., publisher: World Bank (WB), date accessed: 2024-05-16, date published: 2023",,% of population,API unit if supplied; otherwise indicator-title based unit mapping; verify metadata before conversion,https://api.worldbank.org/v2/indicator/EG.ELC.ACCS.ZS?format=json&source=2
EG.ELC.ACCS.UR.ZS,"Access to electricity, urban (% of urban population)","Access to electricity, urban is the percentage of urban population with access to electricity.","SDG 7.1.1 Electrification Dataset, World Bank (WB), uri: https://trackingsdg7.esmap.org/downloads, note: Data is downloaded from ESMAP website. Data is released when a new Tracking SDG7 report is released., publisher: World Bank (WB), date accessed: 2024-05-16, date published: 2023",,% of urban population,API unit if supplied; otherwise indicator-title based unit mapping; verify metadata before conversion,https://api.worldbank.org/v2/indicator/EG.ELC.ACCS.UR.ZS?format=json&source=2
EG.ELC.ACCS.RU.ZS,"Access to electricity, rural (% of rural population)","Access to electricity, rural is the percentage of rural population with access to electricity.","SDG 7.1.1 Electrification Dataset, World Bank (WB), uri: https://trackingsdg7.esmap.org/downloads, note: Data is downloaded from ESMAP website. Data is released when a new Tracking SDG7 report is released., publisher: World Bank (WB), date accessed: 2024-05-16, date published: 2023",,% of rural population,API unit if supplied; otherwise indicator-title based unit mapping; verify metadata before conversion,https://api.worldbank.org/v2/indicator/EG.ELC.ACCS.RU.ZS?format=json&source=2
EG.CFT.ACCS.ZS,Access to clean fuels and technologies for cooking (% of population),"Access to clean fuels and technologies for cooking is the proportion of total population primarily using clean cooking fuels and technologies for cooking. Under WHO guidelines, kerosene is excluded from clean cooking fuels.","Tracking SDG 7: The Energy Progress Report, ACRA Europe, uri: https://trackingsdg7.esmap.org/, note: License: Creative Commons Attribution—NonCommercial 3.0 IGO (CC BY-NC 3.0 IGO), publisher: International Energy Agency (IEA), International Renewable Energy Agency (IRENA), United Nations Statistical Division (UNSD), World Bank, World Health Organization (WHO), date published: 2025-06;
International Renewable Energy Agency (IRENA), note: Tracking SDG 7: The Energy Progress Report;
United Nations (UN), note: Tracking SDG 7: The Energy Progress Report, publisher: UN Statistics Division;
World Bank (WB), note: Tracking SDG 7: The Energy Progress Report;
World Health Organization (WHO), note: Tracking SDG 7: The Energy Progress Report",,% of population,API unit if supplied; otherwise indicator-title based unit mapping; verify metadata before conversion,https://api.worldbank.org/v2/indicator/EG.CFT.ACCS.ZS?format=json&source=2
EG.FEC.RNEW.ZS,Renewable energy consumption (% of total final energy consumption),Renewable energy consumption is the share of renewable energy in total final energy consumption.,"IEA Energy Statistics Data Browser, International Energy Agency (IEA), uri: https://www.iea.org/data-and-statistics/data-tools/energy-statistics-data-browser, publisher: International Energy Agency (IEA), date accessed: 2025-03-25",,% of total final energy consumption,API unit if supplied; otherwise indicator-title based unit mapping; verify metadata before conversion,https://api.worldbank.org/v2/indicator/EG.FEC.RNEW.ZS?format=json&source=2
EG.ELC.RNEW.ZS,Renewable electricity output (% of total electricity output),Renewable electricity is the share of electricity generated by renewable power plants in total electricity generated by all types of plants.,"IEA Energy Statistics Data Browser, International Energy Agency (IEA), uri: https://www.iea.org/data-and-statistics/data-tools/energy-statistics-data-browser, publisher: International Energy Agency (IEA), date accessed: 2025-03-25",,% of electricity output,API unit if supplied; otherwise indicator-title based unit mapping; verify metadata before conversion,https://api.worldbank.org/v2/indicator/EG.ELC.RNEW.ZS?format=json&source=2
EG.USE.PCAP.KG.OE,Energy use (kg of oil equivalent per capita),"Energy use refers to use of primary energy before transformation to other end-use fuels, which is equal to indigenous production plus imports and stock changes, minus exports and fuels supplied to ships and aircraft engaged in international transport.","IEA Energy Statistics Data Browser, International Energy Agency (IEA), uri: https://www.iea.org/data-and-statistics/data-tools/energy-statistics-data-browser, publisher: International Energy Agency (IEA), date accessed: 2025-03-25",,kg oil equivalent/person,API unit if supplied; otherwise indicator-title based unit mapping; verify metadata before conversion,https://api.worldbank.org/v2/indicator/EG.USE.PCAP.KG.OE?format=json&source=2
EG.USE.ELEC.KH.PC,Electric power consumption (kWh per capita),"Electric power consumption measures the production of power plants and combined heat and power plants less transmission, distribution, and transformation losses and own use by heat and power plants.","IEA Energy Statistics Data Browser, International Energy Agency (IEA), uri: https://www.iea.org/data-and-statistics/data-tools/energy-statistics-data-browser, publisher: International Energy Agency (IEA), date accessed: 2025-03-25",,kWh/person,API unit if supplied; otherwise indicator-title based unit mapping; verify metadata before conversion,https://api.worldbank.org/v2/indicator/EG.USE.ELEC.KH.PC?format=json&source=2
EG.ELC.LOSS.ZS,Electric power transmission and distribution losses (% of output),"Electric power transmission and distribution losses include losses in transmission between sources of supply and points of distribution and in the distribution to consumers, including pilferage. The losses are expressed as a share of the total output.","IEA Energy Statistics Data Browser, International Energy Agency (IEA), uri: https://www.iea.org/data-and-statistics/data-tools/energy-statistics-data-browser, publisher: International Energy Agency (IEA), date accessed: 2025-03-25",,% of output,API unit if supplied; otherwise indicator-title based unit mapping; verify metadata before conversion,https://api.worldbank.org/v2/indicator/EG.ELC.LOSS.ZS?format=json&source=2
EG.IMP.CONS.ZS,"Energy imports, net (% of energy use)","Net energy imports are estimated as gross imports less gross exports, both measured in tons of oil equivalents (toe). A negative value indicates that the country is a net exporter. Energy use refers to use of primary energy before transformation to other end-use fuels, which is equal to indigenous production plus imports and stock changes, minus exports and fuels supplied to ships and aircraft engaged in international transport.","IEA Energy Statistics Data Browser, International Energy Agency (IEA), uri: https://www.iea.org/data-and-statistics/data-tools/energy-statistics-data-browser, publisher: International Energy Agency (IEA), date accessed: 2025-03-25",,% of energy use,API unit if supplied; otherwise indicator-title based unit mapping; verify metadata before conversion,https://api.worldbank.org/v2/indicator/EG.IMP.CONS.ZS?format=json&source=2
EG.USE.COMM.FO.ZS,Fossil fuel energy consumption (% of total),"Fossil fuel comprises coal, oil, petroleum, and natural gas products.","IEA Energy Statistics Data Browser, International Energy Agency (IEA), uri: https://www.iea.org/data-and-statistics/data-tools/energy-statistics-data-browser, publisher: International Energy Agency (IEA), date accessed: 2025-03-25",,% of total energy use,API unit if supplied; otherwise indicator-title based unit mapping; verify metadata before conversion,https://api.worldbank.org/v2/indicator/EG.USE.COMM.FO.ZS?format=json&source=2
EG.ELC.PROD.KH,,,,,kWh,API unit if supplied; otherwise indicator-title based unit mapping; verify metadata before conversion,https://api.worldbank.org/v2/indicator/EG.ELC.PROD.KH?format=json&source=2
EG.ELC.FOSL.ZS,"Electricity production from oil, gas and coal sources (% of total)","The share of electricity production from oil, gas and coal sources of total electricity production. Sources of electricity refer to the inputs used to generate electricity. Oil refers to crude oil and petroleum products. Gas refers to natural gas but excludes natural gas liquids. Coal refers to all coal and brown coal, both primary (including hard coal and lignite-brown coal) and derived fuels (including patent fuel, coke oven coke, gas coke, coke oven gas, and blast furnace gas). Peat is also included in this category.","IEA Energy Statistics Data Browser, International Energy Agency (IEA), uri: https://www.iea.org/data-and-statistics/data-tools/energy-statistics-data-browser, publisher: International Energy Agency (IEA), date accessed: 2025-03-25",,% of total output,API unit if supplied; otherwise indicator-title based unit mapping; verify metadata before conversion,https://api.worldbank.org/v2/indicator/EG.ELC.FOSL.ZS?format=json&source=2
EG.ELC.HYRO.ZS,Electricity production from hydroelectric sources (% of total),The share of electricity production from hydroelectric sources of total electricity production. Sources of electricity refer to the inputs used to generate electricity. Hydropower refers to electricity produced by hydroelectric power plants.,"IEA Energy Statistics Data Browser, International Energy Agency (IEA), uri: https://www.iea.org/data-and-statistics/data-tools/energy-statistics-data-browser, publisher: International Energy Agency (IEA), date accessed: 2025-03-25",,% of total output,API unit if supplied; otherwise indicator-title based unit mapping; verify metadata before conversion,https://api.worldbank.org/v2/indicator/EG.ELC.HYRO.ZS?format=json&source=2
EG.ELC.RNWX.ZS,"Electricity production from renewable sources, excluding hydroelectric (% of total)","The share of electricity production from renewable sources of total electricity production. Electricity production from renewable sources, excluding hydroelectric, includes geothermal, solar, tides, wind, biomass, and biofuels.","IEA Energy Statistics Data Browser, International Energy Agency (IEA), uri: https://www.iea.org/data-and-statistics/data-tools/energy-statistics-data-browser, publisher: International Energy Agency (IEA), date accessed: 2025-03-25",,% of total output,API unit if supplied; otherwise indicator-title based unit mapping; verify metadata before conversion,https://api.worldbank.org/v2/indicator/EG.ELC.RNWX.ZS?format=json&source=2
EG.EGY.PRIM.PP.KD,Energy intensity level of primary energy (MJ/$2021 PPP GDP),Energy intensity level of primary energy is the ratio between energy supply and gross domestic product measured at purchasing power parity. Energy intensity is an indication of how much energy is used to produce one unit of economic output. Lower ratio indicates that less energy is used to produce one unit of output.,"Tracking SDG 7: The Energy Progress Report, International Energy Agency (IEA), note: License: Creative Commons Attribution—NonCommercial 3.0 IGO (CC BY-NC 3.0 IGO);
International Renewable Energy Agency (IRENA), note: Tracking SDG 7: The Energy Progress Report;
United Nations (UN), note: Tracking SDG 7: The Energy Progress Report, publisher: UN Statistics Division;
World Bank (WB), note: Tracking SDG 7: The Energy Progress Report;
World Health Organization (WHO), note: Tracking SDG 7: The Energy Progress Report",,MJ/$2021 PPP GDP,API unit if supplied; otherwise indicator-title based unit mapping; verify metadata before conversion,https://api.worldbank.org/v2/indicator/EG.EGY.PRIM.PP.KD?format=json&source=2
NY.GDP.MKTP.CD,GDP (current US$),"Gross domestic product is the total income earned through the production of goods and services in an economic territory during an accounting period. It can be measured in three different ways: using either the expenditure approach, the income approach, or the production approach. This indicator is expressed in current prices, meaning no adjustment has been made to account for price changes over time. This indicator is expressed in United States dollars.","Country official statistics, National Statistical Organizations and/or Central Banks;
National Accounts data files, Organisation for Economic Co-operation and Development (OECD);
Staff estimates, World Bank (WB)",,current USD,API unit if supplied; otherwise indicator-title based unit mapping; verify metadata before conversion,https://api.worldbank.org/v2/indicator/NY.GDP.MKTP.CD?format=json&source=2
NY.GDP.MKTP.KD,GDP (constant 2015 US$),"Gross domestic product is the total income earned through the production of goods and services in an economic territory during an accounting period. It can be measured in three different ways: using either the expenditure approach, the income approach, or the production approach. This indicator is expressed in constant prices, meaning the series has been adjusted to account for price changes over time. The reference year for this adjustment is 2015. This indicator is expressed in United States dollars.","Country official statistics, National Statistical Organizations and/or Central Banks;
National Accounts data files, Organisation for Economic Co-operation and Development (OECD);
Staff estimates, World Bank (WB)",,constant 2015 USD,API unit if supplied; otherwise indicator-title based unit mapping; verify metadata before conversion,https://api.worldbank.org/v2/indicator/NY.GDP.MKTP.KD?format=json&source=2
NY.GDP.MKTP.KD.ZG,GDP growth (annual %),"Gross domestic product is the total income earned through the production of goods and services in an economic territory during an accounting period. It can be measured in three different ways: using either the expenditure approach, the income approach, or the production approach. This indicator denotes the percentage change over each previous year of the constant price (base year 2015) series in United States dollars.","Country official statistics, National Statistical Organizations and/or Central Banks;
National Accounts data files, Organisation for Economic Co-operation and Development (OECD);
Staff estimates, World Bank (WB)",,% annual,API unit if supplied; otherwise indicator-title based unit mapping; verify metadata before conversion,https://api.worldbank.org/v2/indicator/NY.GDP.MKTP.KD.ZG?format=json&source=2
NY.GDP.PCAP.CD,GDP per capita (current US$),"Gross domestic product is the total income earned through the production of goods and services in an economic territory during an accounting period. It can be measured in three different ways: using either the expenditure approach, the income approach, or the production approach. The core indicator has been divided by the general population to achieve a per capita estimate.This indicator is expressed in current prices, meaning no adjustment has been made to account for price changes over time. This indicator is expressed in United States dollars.","Country official statistics, National Statistical Organizations and/or Central Banks;
National Accounts data files, Organisation for Economic Co-operation and Development (OECD);
Staff estimates, World Bank (WB)",,current USD/person,API unit if supplied; otherwise indicator-title based unit mapping; verify metadata before conversion,https://api.worldbank.org/v2/indicator/NY.GDP.PCAP.CD?format=json&source=2
NY.GDP.PCAP.KD,GDP per capita (constant 2015 US$),"Gross domestic product is the total income earned through the production of goods and services in an economic territory during an accounting period. It can be measured in three different ways: using either the expenditure approach, the income approach, or the production approach. The core indicator has been divided by the general population to achieve a per capita estimate.This indicator is expressed in constant prices, meaning the series has been adjusted to account for price changes over time. The reference year for this adjustment is 2015. This indicator is expressed in United States dollars.","Country official statistics, National Statistical Organizations and/or Central Banks;
National Accounts data files, Organisation for Economic Co-operation and Development (OECD);
Staff estimates, World Bank (WB)",,constant 2015 USD/person,API unit if supplied; otherwise indicator-title based unit mapping; verify metadata before conversion,https://api.worldbank.org/v2/indicator/NY.GDP.PCAP.KD?format=json&source=2
FP.CPI.TOTL.ZG,"Inflation, consumer prices (annual %)","Inflation as measured by the consumer price index reflects the annual percentage change in the cost to the average consumer of acquiring a basket of goods and services that may be fixed or changed at specified intervals, such as yearly.","International Financial Statistics database, International Monetary Fund (IMF)",,% annual,API unit if supplied; otherwise indicator-title based unit mapping; verify metadata before conversion,https://api.worldbank.org/v2/indicator/FP.CPI.TOTL.ZG?format=json&source=2
PA.NUS.FCRF,"Official exchange rate (LCU per US$, period average)",Official exchange rate refers to the exchange rate determined by national authorities or to the rate determined in the legally sanctioned exchange market. This indicator represents the ratio of Local Currency Units relative to United States dollars.This indicator is derived as an average over the reference period.,"International Financial Statistics database, International Monetary Fund (IMF)",,LCU/USD period average,API unit if supplied; otherwise indicator-title based unit mapping; verify metadata before conversion,https://api.worldbank.org/v2/indicator/PA.NUS.FCRF?format=json&source=2
NE.IMP.GNFS.CD,Imports of goods and services (current US$),"Imports of goods includes change in the economic ownership of goods from non-residents to




residents of the compiling economy, irrespective of physical movement of goods across national borders. Imports of services includes services provided by non-residents to residents. This indicator is expressed in current prices, meaning no adjustment has been made to account for price changes over time. This indicator is expressed in United States dollars.","Country official statistics, National Statistical Offices (NSOs);
National Accounts data files, Central Banks;
Staff estimates, World Bank (WB)",,current USD,API unit if supplied; otherwise indicator-title based unit mapping; verify metadata before conversion,https://api.worldbank.org/v2/indicator/NE.IMP.GNFS.CD?format=json&source=2
NE.EXP.GNFS.CD,Exports of goods and services (current US$),"Exports of goods includes changes in the economic ownership of goods from residents of the compiling economy to non-residents, irrespective of physical movement of goods across national borders. Exports of services includes services provided by residents to non-residents. This indicator is expressed in current prices, meaning no adjustment has been made to account for price changes over time. This indicator is expressed in United States dollars.","Country official statistics, National Statistical Offices (NSOs);
National Accounts data files, Central Banks;
Staff estimates, World Bank (WB)",,current USD,API unit if supplied; otherwise indicator-title based unit mapping; verify metadata before conversion,https://api.worldbank.org/v2/indicator/NE.EXP.GNFS.CD?format=json&source=2
TX.VAL.FUEL.ZS.UN,Fuel exports (% of merchandise exports),"Fuels comprise the commodities in SITC (Rev. 3) section 3 (mineral fuels, lubricants and related materials). This indicator is expressed as a percentage of merchandise exports which is comprised of goods whose economic ownership is changed between a resident and a non-resident and that are not included in the following specific categories: goods under merchanting, non-monetary gold, and parts of travel, construction, and government goods and services n.i.e.","Staff estimates, World Bank (WB);
Comtrade database, United Nations (UN), publisher: UN Statistics Division;
World Integrated Trade Solution system (WITS), World Bank (WB)",,% of merchandise exports,API unit if supplied; otherwise indicator-title based unit mapping; verify metadata before conversion,https://api.worldbank.org/v2/indicator/TX.VAL.FUEL.ZS.UN?format=json&source=2
TM.VAL.FUEL.ZS.UN,Fuel imports (% of merchandise imports),"Fuels comprise the commodities in SITC (Rev. 3) section 3 (mineral fuels, lubricants and related materials). This indicator is expressed as a percentage of merchandise imports which is comprised of goods whose economic ownership is changed between a non-resident and a resident and that are not included in the following specific categories: goods under merchanting, non-monetary gold, and parts of travel, construction, and government goods and services n.i.e.","Comtrade database, United Nations (UN), publisher: UN Statistics Division;
World Integrated Trade Solution system (WITS);
Staff estimates, World Bank (WB)",,% of merchandise imports,API unit if supplied; otherwise indicator-title based unit mapping; verify metadata before conversion,https://api.worldbank.org/v2/indicator/TM.VAL.FUEL.ZS.UN?format=json&source=2
NV.AGR.TOTL.ZS,"Agriculture, forestry, and fishing, value added (% of GDP)","Agriculture, forestry, and fishing corresponds to ISIC (Rev. 4) divisions 01-03 and includes the exploitation of vegetal and animal natural resources, comprising the activities of growing of crops, raising and breeding of animals, harvesting of timber and other plants, animals or animal products from a farm or their natural habitats.Value added is the contribution to the economy by a producer or an industry or an institutional sector, which is estimated by the total value of output produced and deducting the total value of intermediate consumption of goods and services used to produce that output. This indicator is expressed as a percentage of Gross Domestic Product (GDP) which is the total income earned through the production of goods and services in an economic territory during an accounting period. Note: For VAB countries, gross value added at factor cost is used as the denominator.","Country official statistics, National Statistical Organizations and/or Central Banks;
National Accounts data files, Organisation for Economic Co-operation and Development (OECD);
Staff estimates, World Bank (WB)",,% of GDP,API unit if supplied; otherwise indicator-title based unit mapping; verify metadata before conversion,https://api.worldbank.org/v2/indicator/NV.AGR.TOTL.ZS?format=json&source=2
NV.IND.TOTL.ZS,"Industry (including construction), value added (% of GDP)","Industry (including construction) corresponds to ISIC (Rev.4) divisions 05-43. It is comprised of mining, manufacturing, construction, electricity, water, and gas industries. Value added is the contribution to the economy by a producer or an industry or an institutional sector, which is estimated by the total value of output produced and deducting the total value of intermediate consumption of goods and services used to produce that output. This indicator is expressed as a percentage of Gross Domestic Product (GDP) which is the total income earned through the production of goods and services in an economic territory during an accounting period.","Country official statistics, National Statistical Offices (NSOs);
National Accounts data files, Central Banks;
Staff estimates, World Bank (WB)",,% of GDP,API unit if supplied; otherwise indicator-title based unit mapping; verify metadata before conversion,https://api.worldbank.org/v2/indicator/NV.IND.TOTL.ZS?format=json&source=2
NV.IND.MANF.ZS,"Manufacturing, value added (% of GDP)","Manufacturing includes industries classified in ISIC (Rev. 3) major division C and is defined as the physical or chemical transformation of materials or components into new products. Value added is the contribution to the economy by a producer or an industry or an institutional sector, which is estimated by the total value of output produced and deducting the total value of intermediate consumption of goods and services used to produce that output. This indicator is expressed as a percentage of Gross Domestic Product (GDP) which is the total income earned through the production of goods and services in an economic territory during an accounting period.","Country official statistics, National Statistical Offices (NSOs);
National Accounts data files, Central Banks;
Staff estimates, World Bank (WB)",,% of GDP,API unit if supplied; otherwise indicator-title based unit mapping; verify metadata before conversion,https://api.worldbank.org/v2/indicator/NV.IND.MANF.ZS?format=json&source=2
NV.SRV.TOTL.ZS,"Services, value added (% of GDP)","Services industries correspond to ISIC (Rev. 4) divisions 45-99 and includes wholesale and retail trade, repair of motor vehicles, hotels and restaurants, transport, storage and communication, financial intermediation, real estate, renting and business activities, public administration and defence, compulsory social security, education, health and social work, other community, social and personal service activities, private households with employed persons, and extra-territorial organizations and bodies. Value added is the contribution to the economy by a producer or an industry or an institutional sector, which is estimated by the total value of output produced and deducting the total value of intermediate consumption of goods and services used to produce that output. This indicator is expressed as a percentage of Gross Domestic Product (GDP) which is the total income earned through the production of goods and services in an economic territory during an accounting period.","Country official statistics, National Statistical Offices (NSOs);
National Accounts data files, Central Banks;
Staff estimates, World Bank (WB)",,% of GDP,API unit if supplied; otherwise indicator-title based unit mapping; verify metadata before conversion,https://api.worldbank.org/v2/indicator/NV.SRV.TOTL.ZS?format=json&source=2
NE.GDI.TOTL.ZS,Gross capital formation (% of GDP),"Gross capital formation includes acquisitions less disposals of produced assets for purposes of fixed capital formation, inventories or valuables. This indicator is expressed as a percentage of Gross Domestic Product (GDP) which is the total income earned through the production of goods and services in an economic territory during an accounting period.","Country official statistics, National Statistical Organizations and/or Central Banks;
National Accounts data files, Organisation for Economic Co-operation and Development (OECD);
Staff estimates, World Bank (WB)",,% of GDP,API unit if supplied; otherwise indicator-title based unit mapping; verify metadata before conversion,https://api.worldbank.org/v2/indicator/NE.GDI.TOTL.ZS?format=json&source=2
BX.KLT.DINV.WD.GD.ZS,"Foreign direct investment, net inflows (% of GDP)","Foreign direct investment is the net inflows of investment to acquire a lasting management interest (10 percent or more of voting stock) in an enterprise operating in an economy other than that of the investor. It is the sum of equity capital, reinvestment of earnings, other long-term capital, and short-term capital as shown in the balance of payments. This series shows net inflows (new investment inflows less disinvestment) in the reporting economy from foreign investors, and is divided by GDP.","International Financial Statistics and Balance of Payments databases, International Monetary Fund (IMF);
International Debt Statistics, World Bank (WB);
World Bank GDP estimates, World Bank (WB);
OECD GDP estimates, Organisation for Economic Co-operation and Development (OECD)",,% of GDP,API unit if supplied; otherwise indicator-title based unit mapping; verify metadata before conversion,https://api.worldbank.org/v2/indicator/BX.KLT.DINV.WD.GD.ZS?format=json&source=2
BX.TRF.PWKR.DT.GD.ZS,"Personal remittances, received (% of GDP)","Personal remittances comprise personal transfers and compensation of employees. Personal transfers consist of all current transfers in cash or in kind made or received by resident households to or from nonresident households. Personal transfers thus include all current transfers between resident and nonresident individuals. Compensation of employees refers to the income of border, seasonal, and other short-term workers who are employed in an economy where they are not resident and of residents employed by nonresident entities. Data are the sum of two items defined in the sixth edition of the IMF's Balance of Payments Manual: personal transfers and compensation of employees.","Staff estimates, World Bank (WB);
IMF balance of payments data, International Monetary Fund (IMF);
World Bank GDP estimates, World Bank (WB);
OECD GDP estimates, Organisation for Economic Co-operation and Development (OECD)",,% of GDP,API unit if supplied; otherwise indicator-title based unit mapping; verify metadata before conversion,https://api.worldbank.org/v2/indicator/BX.TRF.PWKR.DT.GD.ZS?format=json&source=2
AG.LND.TOTL.K2,Land area (sq. km),"Land area is a country's total area, excluding area under inland water bodies, national claims to continental shelf, and exclusive economic zones. In most cases the definition of inland water bodies includes major rivers and lakes.","FAOSTAT, Food and Agriculture Organization of the United Nations (FAO), uri: https://www.fao.org/faostat/en/#data/RL, publisher: Food and Agriculture Organization of the United Nations (FAO)",,km2,API unit if supplied; otherwise indicator-title based unit mapping; verify metadata before conversion,https://api.worldbank.org/v2/indicator/AG.LND.TOTL.K2?format=json&source=2
AG.LND.AGRI.ZS,Agricultural land (% of land area),"Agricultural land refers to the share of land area that is arable, under permanent crops, and under permanent pastures. Arable land includes land defined by the FAO as land under temporary crops (double-cropped areas are counted once), temporary meadows for mowing or for pasture, land under market or kitchen gardens, and land temporarily fallow. Land abandoned as a result of shifting cultivation is excluded. Land under permanent crops is land cultivated with crops that occupy the land for long periods and need not be replanted after each harvest, such as cocoa, coffee, and rubber. This category includes land under flowering shrubs, fruit trees, nut trees, and vines, but excludes land under trees grown for wood or timber. Permanent pasture is land used for five or more years for forage, including natural and cultivated crops.","FAO electronic files and web site, Food and Agriculture Organization of the United Nations (FAO), publisher: Food and Agriculture Organization of the United Nations (FAO)",,% of land area,API unit if supplied; otherwise indicator-title based unit mapping; verify metadata before conversion,https://api.worldbank.org/v2/indicator/AG.LND.AGRI.ZS?format=json&source=2
AG.LND.FRST.ZS,Forest area (% of land area),"Forest area (% of land area) is the share of total land area that is under natural or planted stands of trees of at least 5 meters in situ, whether productive or not, and excludes tree stands in agricultural production systems (for example, in fruit plantations and agroforestry systems) and trees in urban parks and gardens.","FAOSTAT, Food and Agriculture Organization of the United Nations (FAO), uri: https://www.fao.org/faostat/en/#data/RL, publisher: Food and Agriculture Organization of the United Nations (FAO)",,% of land area,API unit if supplied; otherwise indicator-title based unit mapping; verify metadata before conversion,https://api.worldbank.org/v2/indicator/AG.LND.FRST.ZS?format=json&source=2
AG.LND.ARBL.ZS,Arable land (% of land area),"Arable land includes land defined by the FAO as land under temporary crops (double-cropped areas are counted once), temporary meadows for mowing or for pasture, land under market or kitchen gardens, and land temporarily fallow. Land abandoned as a result of shifting cultivation is excluded.","FAO electronic files and website, Food and Agriculture Organization of the United Nations (FAO), publisher: Food and Agriculture Organization of the United Nations (FAO)",,% of land area,API unit if supplied; otherwise indicator-title based unit mapping; verify metadata before conversion,https://api.worldbank.org/v2/indicator/AG.LND.ARBL.ZS?format=json&source=2
ER.H2O.INTR.PC,Renewable internal freshwater resources per capita (cubic meters),Renewable internal freshwater resources flows refer to internal renewable resources (internal river flows and groundwater from rainfall) in the country. Renewable internal freshwater resources per capita are calculated using the World Bank's population estimates.,"AQUASTAT - FAO's Global Information System on Water and Agriculture, Food and Agriculture Organization of the United Nations (FAO), uri: https://data.apps.fao.org/aquastat/, publisher: Food and Agriculture Organization of the United Nations (FAO), date accessed: 20240529",,m3/person/year,API unit if supplied; otherwise indicator-title based unit mapping; verify metadata before conversion,https://api.worldbank.org/v2/indicator/ER.H2O.INTR.PC?format=json&source=2
ER.H2O.FWTL.ZS,"Annual freshwater withdrawals, total (% of internal resources)","Annual freshwater withdrawals refer to total water withdrawals, not counting evaporation losses from storage basins. Withdrawals also include water from desalination plants in countries where they are a significant source. Withdrawals can exceed 100 percent of total renewable resources where extraction from nonrenewable aquifers or desalination plants is considerable or where there is significant water reuse. Withdrawals for agriculture and industry are total withdrawals for irrigation and livestock production and for direct industrial use (including withdrawals for cooling thermoelectric plants). Withdrawals for domestic uses include drinking water, municipal use or supply, and use for public services, commercial establishments, and homes. Data are for the most recent year available for 1987-2002.","AQUASTAT - FAO's Global Information System on Water and Agriculture, Food and Agriculture Organization of the United Nations (FAO), uri: https://data.apps.fao.org/aquastat/, publisher: Food and Agriculture Organization of the United Nations (FAO), date accessed: 20240529",,% of internal resources,API unit if supplied; otherwise indicator-title based unit mapping; verify metadata before conversion,https://api.worldbank.org/v2/indicator/ER.H2O.FWTL.ZS?format=json&source=2
SH.H2O.BASW.ZS,People using at least basic drinking water services (% of population),"The percentage of people using at least basic water services.  This indicator encompasses both people using basic water services as well as those using safely managed water services.  Basic drinking water services is defined as drinking water from an improved source, provided collection time is not more than 30 minutes for a round trip.  Improved water sources include piped water, boreholes or tubewells, protected dug wells, protected springs, and packaged or delivered water.","WHO/UNICEF Joint Monitoring Programme (JMP) for Water Supply, Sanitation and Hygiene, World Health Organization (WHO), uri: washdata.org, publisher: WHO/UNICEF Joint Monitoring Programme (JMP) for Water Supply, Sanitation and Hygiene (washdata.org), date accessed: 2025-09-30, date published: 2025-08-25;
UN Children's Fund (UNICEF), uri: washdata.org, note: WHO/UNICEF Joint Monitoring Programme (JMP) for Water Supply, Sanitation and Hygiene",,% of population,API unit if supplied; otherwise indicator-title based unit mapping; verify metadata before conversion,https://api.worldbank.org/v2/indicator/SH.H2O.BASW.ZS?format=json&source=2
SH.STA.BASS.ZS,People using at least basic sanitation services (% of population),"The percentage of people using at least basic sanitation services, that is, improved sanitation facilities that are not shared with other households.  This indicator encompasses both people using basic sanitation services as well as those using safely managed sanitation services.   Improved sanitation facilities include flush/pour flush to piped sewer systems, septic tanks or pit latrines; ventilated improved pit latrines, composting toilets or pit latrines with slabs.","WHO/UNICEF Joint Monitoring Programme (JMP) for Water Supply, Sanitation and Hygiene, World Health Organization (WHO), uri: washdata.org, publisher: WHO/UNICEF Joint Monitoring Programme (JMP) for Water Supply, Sanitation and Hygiene (washdata.org), date accessed: 2025-09-30, date published: 2025-08-25;
UN Children's Fund (UNICEF), uri: washdata.org, note: WHO/UNICEF Joint Monitoring Programme (JMP) for Water Supply, Sanitation and Hygiene",,% of population,API unit if supplied; otherwise indicator-title based unit mapping; verify metadata before conversion,https://api.worldbank.org/v2/indicator/SH.STA.BASS.ZS?format=json&source=2
IT.NET.USER.ZS,Individuals using the Internet (% of population),"Internet users are individuals who have used the Internet (from any location) in the last 3 months. The Internet can be used via a computer, mobile phone, personal digital assistant, games machine, digital TV etc.","World Telecommunication/ICT Indicators Database, International Telecommunication Union (ITU), uri: https://datahub.itu.int/",,% of population,API unit if supplied; otherwise indicator-title based unit mapping; verify metadata before conversion,https://api.worldbank.org/v2/indicator/IT.NET.USER.ZS?format=json&source=2
IT.CEL.SETS.P2,Mobile cellular subscriptions (per 100 people),"Mobile cellular telephone subscriptions are subscriptions to a public mobile telephone service that provide access to the PSTN using cellular technology. The indicator includes (and is split into) the number of postpaid subscriptions, and the number of active prepaid accounts (i.e. that have been used during the last three months). The indicator applies to all mobile cellular subscriptions that offer voice communications. It excludes subscriptions via data cards or USB modems, subscriptions to public mobile data services, private trunked mobile radio, telepoint, radio paging and telemetry services.","World Telecommunication/ICT Indicators Database, International Telecommunication Union (ITU)",,subscriptions/100 people,API unit if supplied; otherwise indicator-title based unit mapping; verify metadata before conversion,https://api.worldbank.org/v2/indicator/IT.CEL.SETS.P2?format=json&source=2
IC.ELC.OUTG,,,,,outages/typical month,API unit if supplied; otherwise indicator-title based unit mapping; verify metadata before conversion,https://api.worldbank.org/v2/indicator/IC.ELC.OUTG?format=json&source=2
IC.ELC.LOSS.ZS,,,,,% of annual sales,API unit if supplied; otherwise indicator-title based unit mapping; verify metadata before conversion,https://api.worldbank.org/v2/indicator/IC.ELC.LOSS.ZS?format=json&source=2
IC.ELC.OWNG.ZS,,,,,% of firms,API unit if supplied; otherwise indicator-title based unit mapping; verify metadata before conversion,https://api.worldbank.org/v2/indicator/IC.ELC.OWNG.ZS?format=json&source=2
IC.FRM.OUTG.ZS,Value lost due to electrical outages (% of sales for affected firms),"Losses due to electrical outages, as percentage of total annual sales. The value represents average losses for all firms which reported outages (please see indicator IC.ELC.OUTG.ZS).","Enterprise Surveys, World Bank (WB), uri: https://www.enterprisesurveys.org/en/data",,% of sales for affected firms,API unit if supplied; otherwise indicator-title based unit mapping; verify metadata before conversion,https://api.worldbank.org/v2/indicator/IC.FRM.OUTG.ZS?format=json&source=2
IC.ELC.OUTG.ZS,Firms experiencing electrical outages (% of firms),Percentage of firms that experienced power outages over the last complete fiscal year.,"Enterprise Surveys, World Bank (WB), uri: https://www.enterprisesurveys.org/en/data",,% of firms,API unit if supplied; otherwise indicator-title based unit mapping; verify metadata before conversion,https://api.worldbank.org/v2/indicator/IC.ELC.OUTG.ZS?format=json&source=2
