request_id,priority,topic,publication_ids,publication_titles,publication_authors,publication_urls,contact_names,contact_emails,contact_roles,contact_sources,contact_locators,availability_status,availability_detail,data_to_request,why_useful,reuse_limit,availability_source_url,availability_locator,contact_checked_on,outreach_status
RQ01,High,Hospital electricity demand and measured wind,PU01; E07,Assessment of Optimum Renewable Energy System for the Somalia–Turkish Training and Research Hospital in Mogadishu; Wind energy potential and large-scale turbine performance analysis for Mogadishu – Somalia,Sibel Dursun; Ercan Aykut; Bahtiyar Dursun || Bahtiyar Dursun; Ercan Aykut,https://www.jree.ir/article_130748.html; https://doi.org/10.1016/j.esd.2024.101514,Ercan Aykut; Bahtiyar Dursun,eaykut@gelisim.edu.tr; bdursun@gelisim.edu.tr,Corresponding author of E07; coauthor of PU01; Coauthor; newer publication-listed address,https://acikerisim.gelisim.edu.tr/server/api/core/bitstreams/e5408721-f7c3-400b-8ace-4b44e247cd23/content; https://acikerisim.gelisim.edu.tr/server/api/core/bitstreams/e5408721-f7c3-400b-8ace-4b44e247cd23/content,"2024 paper, PDF p1; 2024 paper, PDF p1; PU01 lists an older fsm.edu.tr address",not_obtained,The papers describe historical load and wind measurements; no downloadable raw series was identified. This does not establish that the data are unavailable.,"Original timestamped hospital load readings behind the 2017–2018 profile; the 2019–2021 wind speed/direction series at the reported heights; meter/station metadata, timezone, gaps and quality flags; HOMER input file if shareable.","Supports checking chronological demand, peak load, resource estimates and storage/diesel assumptions in the existing Somalia energy research.",A single hospital is not a city or national load. Historical demand and later wind observations are not a simultaneous dataset. Published wind and power/energy unit conflicts must be resolved.,https://acikerisim.gelisim.edu.tr/server/api/core/bitstreams/87c19563-85cd-4b1d-a3d9-ba18eb9ec33e/content,PU01 PDF p3 load description; E07 PDF p5 station description,2026-09-28,Not contacted
RQ02,High,Western Somaliland wind station observations,E06,Assessment of wind energy resource in the western region of Somaliland,Shaima Batran; Mohamed Jama; Jawad Yousaf; Taimur Hassan; Mohammed Ghazal; Hazlie Bin Mokhlis,https://pmc.ncbi.nlm.nih.gov/articles/PMC11237845/,Mohamed Jama,mohamed.jama@adu.ac.ae,Corresponding author; Shaima Batran is first author,https://pmc.ncbi.nlm.nih.gov/articles/PMC11237845/,Author correspondence in primary JATS XML,author_request,The primary article explicitly offers data on request. Raw files have not been obtained.,"Original 7 March 2011–6 March 2012 SWALIM wind observations for Aburin, Daarbuduq and Xumba Weyne; sampling/height metadata; missing-value masks; gap-filling and extrapolation code; clarification of Table 11 energy/capacity-factor results.",Provides ground observations for checking gridded wind inputs and the uncertainty of renewable generation profiles used in the existing research.,"Old, one-year station coverage; extrapolated hub-height output is not a measurement. Published power-density and turbine-output inconsistencies remain unresolved.",https://pmc.ncbi.nlm.nih.gov/articles/PMC11237845/,Data availability; measured data section; Tables2 and11; Eq33,2026-09-28,Not contacted
RQ03,High,Hormuud telecom solar operating data,E03,The utilization and potential of solar energy in Somalia: Current state and prospects,Abdullahi Mohamed Samatar; Saad Mekhilef; Hazlie Mokhlis; Mostefa Kermadi; Abdulkadir Mukhtar Diblawe; Alex Stojcevski; Mehdi Seyedmahmoudian,https://www.sciencedirect.com/science/article/pii/S2211467X23000585,Hazlie Mokhlis,hazli@um.edu.my,Corresponding author; Abdullahi Mohamed Samatar is first author,https://sun-connect.org/wp-content/uploads/1-s2.0-S2211467X23000585-main.pdf,Published article PDF p1 correspondence; DOI10.1016/j.esr.2023.101108,confidential,The article states that the data used are confidential. Sharing requires the authors/data owner's agreement; public aggregates may be a possible alternative.,"Permission for anonymized timestamped PV monitoring underlying the 2021 Hormuud case, with capacity, inverter configuration, outages/curtailment and maintenance metadata where recorded; otherwise publishable hourly or monthly aggregates and definitions.",Observed operating performance can check solar-yield and availability assumptions against Somalia conditions.,"Telecom sites are a specific load class. The existence of irradiance, diesel or maintenance columns has not been established. Request these only if recorded.",https://www.sciencedirect.com/science/article/pii/S2211467X23000585,Hormuud case-study section and Data availability,2026-09-28,Not contacted
RQ04,High,Electrification-plan scenario and utility inputs,E05; E17,Comparison of Least-Cost Pathways towards Universal Electricity Access in Somalia over Different Timelines; Preparation of an Indicative Least Cost Geospatial Electrification Plan to Achieve Universal Access in Somalia: Final Report,Andreas Sahlberg; Babak Khavari; Ismail Mohamed; Francesco Fuso Nerini || KTH Royal Institute of Technology; Kartoza; Recon,https://www.mdpi.com/1996-1073/16/18/6489; https://moewr.gov.so/wp-content/uploads/2023/10/Final-report-for-somalias-least-cost-electrification-.pdf,Andreas Sahlberg; Babak Khavari; Ismail Mohamed,asahl@kth.se; khavari@kth.se; ismail@piuenergy.so,Corresponding author of E05; E05 coauthor; E05 coauthor; project implementation unit contact,https://mdpi-res.com/d_attachment/energies/energies-16-06489/article_deploy/energies-16-06489.pdf; https://mdpi-res.com/d_attachment/energies/energies-16-06489/article_deploy/energies-16-06489.pdf; https://mdpi-res.com/d_attachment/energies/energies-16-06489/article_deploy/energies-16-06489.pdf,PDF p1 correspondence; PDF p1 affiliation contacts; PDF p1 affiliation contacts,partial_public,OnSSET code is public. A complete identifiable Somalia scenario bundle and original SEAP utility files were not established from the repository listing.,"Exact publication-version Somalia settlement/scenario inputs, preprocessing scripts and output files; provenance and shareable aggregate ESP billing, customer, collection and infrastructure records used in SEAP; access instructions for any existing public bundle.",Helps reconcile existing service areas and utility aggregates and compare published electrification assumptions with the existing Somalia evidence inventory.,Do not call the entire model unavailable. Annual billing/collection data are not hourly demand or unmet demand; protect customer-level information.,https://github.com/OnSSET/onsset/tree/Somalia-1.0,Public tree listing; E17 data-collection sections; DATA_LEADS.md,2026-09-28,Not contacted
RQ05,High,PROSCAL cooking-fuel adoption and programme follow-up,COOK14; COOK15,Terminal Evaluation: Federal Government of Somalia and United Nations Joint Programme for Sustainable Charcoal Reduction and Alternative Livelihoods (PROSCAL) — Final Evaluation Report; UN Somalia Joint Fund Final Progress Report: Sustainable Charcoal Reduction and Alternative Livelihoods (PROSCAL),Kevin Enongene; Ismail Elmi || UNDP; FAO; UNEP,https://www.undp.org/somalia/projects/joint-programme-sustainable-charcoal-reduction-and-alternative-livelihoods; https://mptf.undp.org/sites/default/files/documents/2024-04/annex_ix_proscal_2023.pdf,Kevin Enongene; Ismail Elmi,kenongene@fokabs.com; ismacc2@gmail.com,Lead evaluator/author; data-owner referral route; National evaluator/author; publicly printed professional correspondence,https://undpngddlsprod01.blob.core.windows.net/pdc/00085377-PPMFINAL%20PROSCAL%20TE%20REPORT-CLEAN-05112023.pdf; https://undpngddlsprod01.blob.core.windows.net/pdc/00085377-PPMFINAL%20PROSCAL%20TE%20REPORT-CLEAN-05112023.pdf,PDF p2 project/evaluation information; PDF p2 evaluator email,not_located,"Public reports exist; underlying beneficiary, refill/subsidy and follow-up records were not located. Evaluators may route the request to UNDP/FAO/UNEP rather than own these records.","De-identified monitoring tables, survey instruments and codebooks; LPG refill, price/subsidy, stove-distribution and follow-up-use records where held; dates, sample selection and attrition; referral to the programme data custodian.","Adds evidence on observed fuel use and affordability after support ends, which can support cooking-fuel assumptions within the existing broad energy review.",Availability of a longitudinal refill dataset is unconfirmed. Evaluation findings do not establish a randomized impact estimate; do not request identifying interview details.,https://www.undp.org/somalia/projects/joint-programme-sustainable-charcoal-reduction-and-alternative-livelihoods,"Terminal evaluation methodology, sustainability discussion and annexes",2026-09-28,Not contacted
RQ06,Medium,Charcoal-kiln labels and detection outputs,COOK11,Automatic detection of charcoal kilns on Very High Resolution images with a computer vision approach in Somalia,Astrid Verhegghen; Laura Martinez-Sanchez; Michele Bolognesi; Michele Meroni; Felix Rembold; Petar Vojnović; Marijn van der Velde,https://publications.jrc.ec.europa.eu/repository/handle/JRC134273,Marijn van der Velde,marijn.van-der-velde@ec.europa.eu,Coauthor of the Somalia paper; verified public correspondence in a separate 2024 primary publication,https://essd.copernicus.org/articles/16/5723/2024/,Author information/corresponding author; original Somalia author list in JRC134273,not_located,The JRC publication describes FAO expert-labelled kilns and trained models. A downloadable study dataset or code package was not identified on its public record.,"FAO kiln delineations and shareable geospatial detections; training/validation split, labels and uncertainty/error tables; model weights/code if releasable; permitted image-access route or derivative-only alternative.",Can support checking charcoal-production mapping and spatial evidence relevant to cooking-fuel supply and environmental impacts.,"Lead author is Astrid Verhegghen; the listed contact is a coauthor route, not a confirmed data custodian. Commercial imagery rights and kiln-to-charcoal conversion still require separate checks.",https://publications.jrc.ec.europa.eu/repository/handle/JRC134273,Article abstract and public repository record,2026-09-28,Not contacted
RQ07,Medium,Cooking-fuel survey replication files,COOK01; COOK05,Determinants of Household Energy Choices in Somalia: Applied Multinomial Logistic Regression Model; Analysing rural and urban differences in modern cooking energy use in Somalia using the Fairlie decomposition method,Dahir Abdi Ali; Mohamed Ali Mohamud; Richard Tuyiragize || Hassan Abdi Ahmed; Nelson Jerry Ndifwa; Dahir Abdi Ali,https://econjournals.com/index.php/ijeep/article/view/19826; https://link.springer.com/article/10.1007/s43621-026-03673-0,Dahir Abdi Ali,daahir@simad.edu.so,Corresponding author of COOK01 and coauthor of COOK05,https://econjournals.com/index.php/ijeep/article/download/19826/9622,Published PDF p1 correspondence,public_base_missing_replication,"SIHBS2022 has an official SNBS microdata access route. The missing item is the papers' cleaned analysis files/code and precise recoding decisions, not proof that survey data are unavailable.","Analysis scripts, variable/fuel recoding dictionary, sample exclusions, weights/strata/cluster settings and exact source-data version; shareable derived tables rather than redistribution of restricted respondent records.","Helps reconcile incompatible fuel categories and obtain reproducible cooking baselines from the existing evidence, without counting repeated survey analyses as new observations.",Household fuel choice is not consumption quantity or measured exposure; SIHBS access conditions apply. Definition and confidence-interval issues remain to be clarified.,https://microdata.nbs.gov.so/index.php/catalog/59,Official SIHBS2022 catalogue DDI-SOM-SNBS-SIHBS-2022-v02; papers' methods,2026-09-28,Not contacted
RQ08,Medium,Mogadishu irrigation prototype observations,PU17,"Development and implementation of a cost-effective automated irrigation system for resource-constrained environments: a case study of Mogadishu, Somalia",Abdirahman Farah Ali; Abdifatah Abdullahi Ali; Sulieman Abdullahi Ali,https://www.tandfonline.com/doi/full/10.1080/23311932.2026.2696549,Abdirahman Farah Ali,afarah@just.edu.so,Corresponding author,https://www.tandfonline.com/doi/full/10.1080/23311932.2026.2696549,Publisher author information; indexed primary full text,author_request,The publisher states that supporting data are available from corresponding author A.F.A on reasonable request.,"Thirty-day sensor and irrigation-event logs, manual-comparator water/labour records, calibration and experimental dates; controller code; pump power/runtime or metered energy only if actually recorded.",Supports checking productive-use water-demand/control assumptions and what can legitimately be inferred about electricity requirements.,One-square-metre experiment; water savings are not measured energy savings. Do not extrapolate directly to farm-scale or national pumping demand.,https://www.tandfonline.com/doi/full/10.1080/23311932.2026.2696549,Methods and Data availability statement,2026-09-28,Not contacted
RQ09,High,Women's fisheries organisations and cold-chain constraints,PU06,Women’s small-scale fisheries organizations in Jubaland State of Somalia,Stefania Valentini,https://www.giz.de/en/downloads/giz2024-en-studie-somalia.pdf,Stefania Valentini (author); GIZ Sector Project Food and Nutrition Security,sves@giz.de,Published institutional/project contact; NOT the author's personal email,https://www.giz.de/en/downloads/giz2024-en-studie-somalia.pdf,PDF p2 imprint/author,not_located,The report explicitly describes digital Kobo responses and a database; no underlying respondent file was located.,"De-identified Kobo exports, questionnaire and dictionary for the 21 groups and 5 individual vendors in Kismayo/Badhadhe surveyed December 2022–January 2023; coded storage/ice/access/operational constraints and any underlying cost/throughput observations.",Helps identify actual refrigeration service needs and business constraints relevant to productive energy use and avoids sizing systems from equipment counts alone.,"Organisational survey data are not metered refrigeration loads, temperature records or a causal earnings estimate; those measurements may not exist.",https://www.giz.de/en/downloads/giz2024-en-studie-somalia.pdf,Introduction and printed pp9–10 data collection/work plan,2026-09-28,Not contacted
RQ10,High,Healthcare electricity sizing and cost assumptions,PU08,Environmental and Financial Impacts of Electrification of Healthcare Facilities in Selected Humanitarian Settings,Shahaab Javeri; Katherine Patterson,https://www.humanitarianenergy.org/assets/resources/HHE-brief-2025.pdf,Katherine Patterson,katherine.patterson@unitar.org,Coauthor with Shahaab Javeri; public GPA author correspondence,https://www.humanitarianenergy.org/news/latest/de-risking-energy-investment-in-displacement-settings-gpa-at-cop-29-in-baku,"Author byline, updated17January2025; email in indexed first-party version",not_located,The public brief supplies results/assumptions; a site-level source inventory and calculation workbook were not identified.,"Somalia facility-list definitions and status, source load estimates, component/diesel/finance assumptions, sizing/cost workbook, and clarification of inconsistent facility totals; identify which inputs are measured versus standardized.",Allows an auditable check of clinic energy needs and costing against the existing productive-use evidence.,Do not assume measured hourly profiles exist. A standardized facility class does not prove reliable delivered service or commissioned equipment.,https://www.humanitarianenergy.org/assets/resources/HHE-brief-2025.pdf,Somalia/facility tables and load/cost assumptions,2026-09-28,Not contacted
RQ11,High,Official transport fuel accounting and LEAP inputs,TF008; TF014,Somalia’s First Biennial Update Report to the United Nations Framework Convention on Climate Change; Updated Somalia’s Third Generation Nationally Determined Contribution (NDC 3.0),"Ministry of Environment and Climate Change, Federal Republic of Somalia || Ministry of Environment and Climate Change, Federal Republic of Somalia",https://unfccc.int/sites/default/files/resource/Somalia%20First%20BUR%20report%202022.pdf; https://www.unfccc.int/sites/default/files/2025-09/Somalia%20NDC%203.0_Official_2025.pdf,"Ministry of Environment and Climate Change, Somalia",info@moecc.gov.so,Corporate report author/institutional routing contact; request climate-inventory or BUR data team,https://moecc.gov.so/contact-us/,Official Contact Information,not_located,Official reports are public. Underlying fuel-allocation workbooks and the exact LEAP project files were not identified.,"Transport fuel import/allocation and inventory workbooks, activity factors, units, source years and sector boundaries; BUR LEAP project/version; reconciliation of NDC baseline and target definitions; data-custodian contact.",Helps avoid double-counting imported fuels across transport and electricity and keeps policy scenarios consistent with their source accounting.,"The BUR itself reports missing activity data. This request is for underlying accounting, not an assumed vehicle-level dataset. National targets are not a power-sector emissions cap.",https://unfccc.int/sites/default/files/resource/Somalia%20First%20BUR%20report%202022.pdf,"LEAP pp105–106 and transport pp134–135; NDC printed pp8,17,40",2026-09-28,Not contacted
RQ12,Medium,Urban mobility research materials,TF009,Commodified Cities: Urbanization and Public Goods in Somalia,Tobias Hagmann; Abdi N. Mohamed; Abdirahman E. Ali; Jamal Mohamed; Mahad Wasuge; Mohamed H. Ibrahim; Sahra Koshin; Yassmin Mohamed; Hannah Stogdon,https://riftvalley.net/wp-content/uploads/2022/06/rvi-commodified-cities-report-2022-en.pdf,Tobias Hagmann,tobias.hagmann@unibas.ch,Lead author; address published in institutional October2024 CV,https://politikwissenschaft.philhist.unibas.ch/fileadmin/user_upload/politikwissenschaft/Personen/Assistenzen/CV_Tobias_Hagmann_Uni_Basel__Oct_2024_.pdf,"CV p1; institutional listing date, deliverability untested",not_located,"The synthesis is public; all underlying commissioned studies, coded material and instruments were not attached to the inspected report.","Underlying urban-mobility study reports, interview guides, de-identified coded/aggregate findings on travel costs, modes, reliability and barriers; referral to the original field-study/data owners.","Adds local context to interpreting transport access, affordability and service assumptions in the existing research.",Qualitative institutional evidence is not a vehicle-kilometre or fuel-consumption survey. Do not request identifiable transcripts; coding/data ownership may differ by study.,https://riftvalley.net/wp-content/uploads/2022/06/rvi-commodified-cities-report-2022-en.pdf,"Methodology and urban mobility chapter, printed pp52–60",2026-09-28,Not contacted
RQ13,Medium,Water-pumping maintenance and institutional barriers,PU16,"Solar versus Diesel Powered Water Pumps in Meeting Sustainability Goals in Somalia, a qualitative study",Mulatu Tiruneh Kassa; Teshome Bekele Elema; Peter Redding,https://eartharxiv.org/repository/view/14054/,Mulatu Tiruneh Kassa,mulat_tiruneh@yahoo.com,Corresponding author; publicly printed professional correspondence,https://doi.org/10.31223/X5FR2S,Author manuscript PDF p1 correspondence and Data availability,restricted_author_request,The preprint says qualitative data are not public because of confidentiality; anonymized access may be possible on reasonable request subject to ethical restrictions.,"Permitted anonymized thematic coding/aggregate interview evidence, interview guide and codebook on solar/diesel pump maintenance, finance and service barriers; access/ethics conditions.","Can clarify maintenance and operating constraints behind water-energy assumptions, complementing engineering data already gathered.","Non-peer-reviewed qualitative preprint; no measured pump efficiencies, abstraction or hourly electricity series established. Participants' identities are unnecessary.",https://doi.org/10.31223/X5FR2S,PDF cover Data availability; methodology,2026-09-28,Not contacted
