fact_id,category,indicator,value,unit,geography,observation_period,source_title,publisher,publication_date,source_url,locator,evidence_type,model_use,caveat
PWR-001,sector_history,Electricity service providers,about 55,providers,Somalia (PID sector coverage),Reported 2021; underlying inventory vintage not fully established,Somali Electricity Sector Recovery Project (P173088): Appraisal Project Information Document,World Bank,2021-10-08,https://documents1.worldbank.org/curated/en/917771634027301072/pdf/Project-Information-Document-Somali-Electricity-Sector-Recovery-Project-P173088.pdf,"PDF p4, paragraphs7-8",reported_estimate,Historical cross-check only,Not a current complete plant census; technical losses exclude a complete commercial-loss estimate.
PWR-002,sector_history,ESPs share of electricity supply,>90,percent,Somalia (PID sector coverage),Reported 2021; underlying inventory vintage not fully established,Somali Electricity Sector Recovery Project (P173088): Appraisal Project Information Document,World Bank,2021-10-08,https://documents1.worldbank.org/curated/en/917771634027301072/pdf/Project-Information-Document-Somali-Electricity-Sector-Recovery-Project-P173088.pdf,"PDF p4, paragraphs7-8",reported_estimate,Historical cross-check only,Not a current complete plant census; technical losses exclude a complete commercial-loss estimate.
PWR-003,sector_history,Installed generation in major load centers,about 138,MW,Somalia major load centers,Reported 2021; underlying inventory vintage not fully established,Somali Electricity Sector Recovery Project (P173088): Appraisal Project Information Document,World Bank,2021-10-08,https://documents1.worldbank.org/curated/en/917771634027301072/pdf/Project-Information-Document-Somali-Electricity-Sector-Recovery-Project-P173088.pdf,"PDF p4, paragraphs7-8",reported_estimate,Historical cross-check only,Not a current complete plant census; technical losses exclude a complete commercial-loss estimate.
PWR-004,sector_history,High speed diesel generators,>=227,generators,Somalia (PID sector coverage),Reported 2021; underlying inventory vintage not fully established,Somali Electricity Sector Recovery Project (P173088): Appraisal Project Information Document,World Bank,2021-10-08,https://documents1.worldbank.org/curated/en/917771634027301072/pdf/Project-Information-Document-Somali-Electricity-Sector-Recovery-Project-P173088.pdf,"PDF p4, paragraphs7-8",reported_estimate,Historical cross-check only,Not a current complete plant census; technical losses exclude a complete commercial-loss estimate.
PWR-005,sector_history,Median diesel generator size,315,kW,Somalia (PID sector coverage),Reported 2021; underlying inventory vintage not fully established,Somali Electricity Sector Recovery Project (P173088): Appraisal Project Information Document,World Bank,2021-10-08,https://documents1.worldbank.org/curated/en/917771634027301072/pdf/Project-Information-Document-Somali-Electricity-Sector-Recovery-Project-P173088.pdf,"PDF p4, paragraphs7-8",reported_estimate,Historical cross-check only,Not a current complete plant census; technical losses exclude a complete commercial-loss estimate.
PWR-006,sector_history,Technical losses range,25-40,percent,Somalia (PID sector coverage),Reported 2021; underlying inventory vintage not fully established,Somali Electricity Sector Recovery Project (P173088): Appraisal Project Information Document,World Bank,2021-10-08,https://documents1.worldbank.org/curated/en/917771634027301072/pdf/Project-Information-Document-Somali-Electricity-Sector-Recovery-Project-P173088.pdf,"PDF p4, paragraphs7-8",reported_estimate,Historical cross-check only,Not a current complete plant census; technical losses exclude a complete commercial-loss estimate.
PWR-007,tariff_history,Weighted average electricity tariff,0.61,USD/kWh,Somalia (source distinguishes Somaliland),2018 PSMP estimate cited in 2021,Somali Electricity Sector Recovery Project (P173088): Appraisal Project Information Document,World Bank,2021-10-08,https://documents1.worldbank.org/curated/en/917771634027301072/pdf/Project-Information-Document-Somali-Electricity-Sector-Recovery-Project-P173088.pdf,"PDF p4, paragraph8 and footnote",reported_estimate,Historical tariff benchmark,Do not assign as 2026 utility tariff or generation marginal cost.
PWR-008,tariff_history,Weighted average electricity tariff,0.68,USD/kWh,Somaliland (source reporting area),2018 PSMP estimate cited in 2021,Somali Electricity Sector Recovery Project (P173088): Appraisal Project Information Document,World Bank,2021-10-08,https://documents1.worldbank.org/curated/en/917771634027301072/pdf/Project-Information-Document-Somali-Electricity-Sector-Recovery-Project-P173088.pdf,"PDF p4, paragraph8 and footnote",reported_estimate,Historical tariff benchmark,Distinct source geography; not to be added to Somalia tariff.
PWR-009,tariff,Indicative electricity tariff,0.6,USD/kWh,Somalia,2025 report context,Somalia Second Inclusive Growth Development Policy Financing,World Bank,2025-07-11,https://documents1.worldbank.org/curated/en/099071725125534548/pdf/BOSIB-97a425a9-97c2-4c6a-9909-b8c80e38ad3d.pdf,"Printed p17 / PDF p24, paragraph48",reported_estimate,Sector affordability context,"Approximate narrative benchmark; tariff class, weighting and tax treatment not specified."
PWR-010,sector_structure,Private sector share of urban/periurban electricity supply,>90,percent,Somalia urban and periurban,2025 report context,Somalia Second Inclusive Growth Development Policy Financing,World Bank,2025-07-11,https://documents1.worldbank.org/curated/en/099071725125534548/pdf/BOSIB-97a425a9-97c2-4c6a-9909-b8c80e38ad3d.pdf,"Printed p17 / PDF p24, paragraph48",reported_estimate,Utility boundary context,Not a rural electrification or national access percentage.
PWR-011,network_proximity,Population within5km of existing mini-grids,44,percent,Somalia (plan analysis geography),Plan baseline; network/population layer vintages unresolved,Optimized Cost Electricity Generation and Transmission Development Plan for Somalia,Federal Ministry of Energy and Water Resources (MoEWR),2025-06,https://moewr.gov.so/wp-content/uploads/2025/07/Somalia-Generation-and-Transmission-Plan-2025-MoEWR.pdf,p24 Table2-1,geospatial_estimate,Candidate spatial screening only,Distance proximity is not an observed connection or access rate.
PWR-012,network_proximity,Population within10km of existing mini-grids,50,percent,Somalia (plan analysis geography),Plan baseline; network/population layer vintages unresolved,Optimized Cost Electricity Generation and Transmission Development Plan for Somalia,Federal Ministry of Energy and Water Resources (MoEWR),2025-06,https://moewr.gov.so/wp-content/uploads/2025/07/Somalia-Generation-and-Transmission-Plan-2025-MoEWR.pdf,p24 Table2-1,geospatial_estimate,Candidate spatial screening only,Distance proximity is not an observed connection or access rate.
PWR-013,network_proximity,Population within5km of MV network,35,percent,Somalia (plan analysis geography),Plan baseline; network/population layer vintages unresolved,Optimized Cost Electricity Generation and Transmission Development Plan for Somalia,Federal Ministry of Energy and Water Resources (MoEWR),2025-06,https://moewr.gov.so/wp-content/uploads/2025/07/Somalia-Generation-and-Transmission-Plan-2025-MoEWR.pdf,p24 Table2-1,geospatial_estimate,Candidate spatial screening only,Distance proximity is not an observed connection or access rate.
PWR-014,network_proximity,Population within10km of MV network,38,percent,Somalia (plan analysis geography),Plan baseline; network/population layer vintages unresolved,Optimized Cost Electricity Generation and Transmission Development Plan for Somalia,Federal Ministry of Energy and Water Resources (MoEWR),2025-06,https://moewr.gov.so/wp-content/uploads/2025/07/Somalia-Generation-and-Transmission-Plan-2025-MoEWR.pdf,p24 Table2-1,geospatial_estimate,Candidate spatial screening only,Distance proximity is not an observed connection or access rate.
PWR-015,inventory_quarantine,Table2-5 reported PV total,11808,kW,Plan Table2-5 regional coverage (not established as nationwide),Historical inventory reproduced in June2025 plan; vintage unresolved,Optimized Cost Electricity Generation and Transmission Development Plan for Somalia,Federal Ministry of Energy and Water Resources (MoEWR),2025-06,https://moewr.gov.so/wp-content/uploads/2025/07/Somalia-Generation-and-Transmission-Plan-2025-MoEWR.pdf,p27 Table2-5,reported_inventory_vintage_unresolved,Quarantine pending source clarification,Regional values sum correctly; age and geographic coverage unresolved; not current national PV.
PWR-016,inventory_quarantine,Table2-5 reported wind total,750,kW,Plan Table2-5 regional coverage (not established as nationwide),Historical inventory reproduced in June2025 plan; vintage unresolved,Optimized Cost Electricity Generation and Transmission Development Plan for Somalia,Federal Ministry of Energy and Water Resources (MoEWR),2025-06,https://moewr.gov.so/wp-content/uploads/2025/07/Somalia-Generation-and-Transmission-Plan-2025-MoEWR.pdf,p27 Table2-5,reported_inventory_vintage_unresolved,Quarantine pending source clarification,Age and geographic coverage unresolved; not a current national wind census.
PWR-017,inventory_quarantine,Table2-5 reported diesel total,95186,kW,Plan Table2-5 regional coverage (not established as nationwide),Historical inventory reproduced in June2025 plan; vintage unresolved,Optimized Cost Electricity Generation and Transmission Development Plan for Somalia,Federal Ministry of Energy and Water Resources (MoEWR),2025-06,https://moewr.gov.so/wp-content/uploads/2025/07/Somalia-Generation-and-Transmission-Plan-2025-MoEWR.pdf,p27 Table2-5,conflicting_reported_inventory,Quarantine pending source clarification,"CONFLICT: visible regional values sum 83586 kW, 11600 kW below reported total. Eastern cell blank. Do not select or repair silently."
PWR-018,inventory_quarantine,Table2-5 reported MV line total,430,km,Plan Table2-5 regional coverage (not established as nationwide),Historical inventory reproduced in June2025 plan; vintage unresolved,Optimized Cost Electricity Generation and Transmission Development Plan for Somalia,Federal Ministry of Energy and Water Resources (MoEWR),2025-06,https://moewr.gov.so/wp-content/uploads/2025/07/Somalia-Generation-and-Transmission-Plan-2025-MoEWR.pdf,p27 Table2-5,reported_inventory_vintage_unresolved,Quarantine pending source clarification,"Regional values reconcile; no route geometry, rating or common inventory date."
PWR-019,inventory_quarantine,Table2-5 reported LV line total,2225,km,Plan Table2-5 regional coverage (not established as nationwide),Historical inventory reproduced in June2025 plan; vintage unresolved,Optimized Cost Electricity Generation and Transmission Development Plan for Somalia,Federal Ministry of Energy and Water Resources (MoEWR),2025-06,https://moewr.gov.so/wp-content/uploads/2025/07/Somalia-Generation-and-Transmission-Plan-2025-MoEWR.pdf,p27 Table2-5,conflicting_reported_inventory,Quarantine pending source clarification,"CONFLICT: visible regional values sum2219km,6km below reported total. Not a transmission-line model."
PWR-020,losses,BECO distribution loss reported,16,percent,Mogadishu,Undated ESP declaration reproduced June2025,Optimized Cost Electricity Generation and Transmission Development Plan for Somalia,Federal Ministry of Energy and Water Resources (MoEWR),2025-06,https://moewr.gov.so/wp-content/uploads/2025/07/Somalia-Generation-and-Transmission-Plan-2025-MoEWR.pdf,pp24-25 Table2-2,reported_estimate,Utility-specific sensitivity candidate; review needed,ESP declarations; survey date unresolved; technical/commercial components not consistently separated; do not apply nationally.
PWR-021,losses,Blue Sky distribution loss reported,25,percent,Mogadishu,Undated ESP declaration reproduced June2025,Optimized Cost Electricity Generation and Transmission Development Plan for Somalia,Federal Ministry of Energy and Water Resources (MoEWR),2025-06,https://moewr.gov.so/wp-content/uploads/2025/07/Somalia-Generation-and-Transmission-Plan-2025-MoEWR.pdf,pp24-25 Table2-2,reported_estimate,Utility-specific sensitivity candidate; review needed,ESP declarations; survey date unresolved; technical/commercial components not consistently separated; do not apply nationally.
PWR-022,losses,MPS distribution loss reported,32,percent,Mogadishu,Undated ESP declaration reproduced June2025,Optimized Cost Electricity Generation and Transmission Development Plan for Somalia,Federal Ministry of Energy and Water Resources (MoEWR),2025-06,https://moewr.gov.so/wp-content/uploads/2025/07/Somalia-Generation-and-Transmission-Plan-2025-MoEWR.pdf,pp24-25 Table2-2,reported_estimate,Utility-specific sensitivity candidate; review needed,ESP declarations; survey date unresolved; technical/commercial components not consistently separated; do not apply nationally. p41 separately gives32% technical and25% commercial;32% is not a total.
PWR-023,losses,ENEE distribution loss reported,35,percent,Bosaso,Undated ESP declaration reproduced June2025,Optimized Cost Electricity Generation and Transmission Development Plan for Somalia,Federal Ministry of Energy and Water Resources (MoEWR),2025-06,https://moewr.gov.so/wp-content/uploads/2025/07/Somalia-Generation-and-Transmission-Plan-2025-MoEWR.pdf,pp24-25 Table2-2,reported_estimate,Utility-specific sensitivity candidate; review needed,ESP declarations; survey date unresolved; technical/commercial components not consistently separated; do not apply nationally.
PWR-024,losses,Golis distribution loss reported,30,percent,Bosaso,Undated ESP declaration reproduced June2025,Optimized Cost Electricity Generation and Transmission Development Plan for Somalia,Federal Ministry of Energy and Water Resources (MoEWR),2025-06,https://moewr.gov.so/wp-content/uploads/2025/07/Somalia-Generation-and-Transmission-Plan-2025-MoEWR.pdf,pp24-25 Table2-2,reported_estimate,Utility-specific sensitivity candidate; review needed,ESP declarations; survey date unresolved; technical/commercial components not consistently separated; do not apply nationally.
PWR-025,losses,Sometel distribution loss reported,30,percent,Bosaso,Undated ESP declaration reproduced June2025,Optimized Cost Electricity Generation and Transmission Development Plan for Somalia,Federal Ministry of Energy and Water Resources (MoEWR),2025-06,https://moewr.gov.so/wp-content/uploads/2025/07/Somalia-Generation-and-Transmission-Plan-2025-MoEWR.pdf,pp24-25 Table2-2,reported_estimate,Utility-specific sensitivity candidate; review needed,ESP declarations; survey date unresolved; technical/commercial components not consistently separated; do not apply nationally.
PWR-026,losses,BECO distribution loss reported,70,percent,Baidoa,Undated ESP declaration reproduced June2025,Optimized Cost Electricity Generation and Transmission Development Plan for Somalia,Federal Ministry of Energy and Water Resources (MoEWR),2025-06,https://moewr.gov.so/wp-content/uploads/2025/07/Somalia-Generation-and-Transmission-Plan-2025-MoEWR.pdf,pp24-25 Table2-2,conflicting_reported_estimate,Utility-specific sensitivity candidate; review needed,ESP declarations; survey date unresolved; technical/commercial components not consistently separated; do not apply nationally. CONFLICT: July2025 WB MTR estimates33% technical;70% must not become default.
PWR-027,losses,NESCOM (source spelling) distribution loss reported,25,percent,Garowe,Undated ESP declaration reproduced June2025,Optimized Cost Electricity Generation and Transmission Development Plan for Somalia,Federal Ministry of Energy and Water Resources (MoEWR),2025-06,https://moewr.gov.so/wp-content/uploads/2025/07/Somalia-Generation-and-Transmission-Plan-2025-MoEWR.pdf,pp24-25 Table2-2,reported_estimate,Utility-specific sensitivity candidate; review needed,ESP declarations; survey date unresolved; technical/commercial components not consistently separated; do not apply nationally.
PWR-028,losses,ENEE distribution loss reported,35,percent,Qardho,Undated ESP declaration reproduced June2025,Optimized Cost Electricity Generation and Transmission Development Plan for Somalia,Federal Ministry of Energy and Water Resources (MoEWR),2025-06,https://moewr.gov.so/wp-content/uploads/2025/07/Somalia-Generation-and-Transmission-Plan-2025-MoEWR.pdf,pp24-25 Table2-2,reported_estimate,Utility-specific sensitivity candidate; review needed,ESP declarations; survey date unresolved; technical/commercial components not consistently separated; do not apply nationally.
PWR-029,losses,DAYAH and Altowba distribution loss reported,2.3,percent,Beledweyne,Undated ESP declaration reproduced June2025,Optimized Cost Electricity Generation and Transmission Development Plan for Somalia,Federal Ministry of Energy and Water Resources (MoEWR),2025-06,https://moewr.gov.so/wp-content/uploads/2025/07/Somalia-Generation-and-Transmission-Plan-2025-MoEWR.pdf,pp24-25 Table2-2,reported_estimate,Utility-specific sensitivity candidate; review needed,ESP declarations; survey date unresolved; technical/commercial components not consistently separated; do not apply nationally.
PWR-030,losses,BECO distribution loss reported,19.9,percent,Balad,Undated ESP declaration reproduced June2025,Optimized Cost Electricity Generation and Transmission Development Plan for Somalia,Federal Ministry of Energy and Water Resources (MoEWR),2025-06,https://moewr.gov.so/wp-content/uploads/2025/07/Somalia-Generation-and-Transmission-Plan-2025-MoEWR.pdf,pp24-25 Table2-2,reported_estimate,Utility-specific sensitivity candidate; review needed,ESP declarations; survey date unresolved; technical/commercial components not consistently separated; do not apply nationally.
PWR-031,losses,Telesom distribution loss reported,25,percent,Hargeisa; Somaliland reporting area,Undated ESP declaration reproduced June2025,Optimized Cost Electricity Generation and Transmission Development Plan for Somalia,Federal Ministry of Energy and Water Resources (MoEWR),2025-06,https://moewr.gov.so/wp-content/uploads/2025/07/Somalia-Generation-and-Transmission-Plan-2025-MoEWR.pdf,pp24-25 Table2-2,reported_estimate,Utility-specific sensitivity candidate; review needed,ESP declarations; survey date unresolved; technical/commercial components not consistently separated; do not apply nationally.
PWR-032,losses,NEC distribution loss reported,25,percent,Hargeisa; Somaliland reporting area,Undated ESP declaration reproduced June2025,Optimized Cost Electricity Generation and Transmission Development Plan for Somalia,Federal Ministry of Energy and Water Resources (MoEWR),2025-06,https://moewr.gov.so/wp-content/uploads/2025/07/Somalia-Generation-and-Transmission-Plan-2025-MoEWR.pdf,pp24-25 Table2-2,reported_estimate,Utility-specific sensitivity candidate; review needed,ESP declarations; survey date unresolved; technical/commercial components not consistently separated; do not apply nationally.
PWR-033,losses,Hargeisa Electric Company distribution loss reported,30,percent,Hargeisa; Somaliland reporting area,Undated ESP declaration reproduced June2025,Optimized Cost Electricity Generation and Transmission Development Plan for Somalia,Federal Ministry of Energy and Water Resources (MoEWR),2025-06,https://moewr.gov.so/wp-content/uploads/2025/07/Somalia-Generation-and-Transmission-Plan-2025-MoEWR.pdf,pp24-25 Table2-2,reported_estimate,Utility-specific sensitivity candidate; review needed,ESP declarations; survey date unresolved; technical/commercial components not consistently separated; do not apply nationally.
PWR-034,losses,BECO distribution loss reported,45,percent,Burao; Somaliland reporting area,Undated ESP declaration reproduced June2025,Optimized Cost Electricity Generation and Transmission Development Plan for Somalia,Federal Ministry of Energy and Water Resources (MoEWR),2025-06,https://moewr.gov.so/wp-content/uploads/2025/07/Somalia-Generation-and-Transmission-Plan-2025-MoEWR.pdf,pp24-25 Table2-2,reported_estimate,Utility-specific sensitivity candidate; review needed,ESP declarations; survey date unresolved; technical/commercial components not consistently separated; do not apply nationally.
PWR-035,losses,Telesom distribution loss reported,40,percent,Borama; Somaliland reporting area,Undated ESP declaration reproduced June2025,Optimized Cost Electricity Generation and Transmission Development Plan for Somalia,Federal Ministry of Energy and Water Resources (MoEWR),2025-06,https://moewr.gov.so/wp-content/uploads/2025/07/Somalia-Generation-and-Transmission-Plan-2025-MoEWR.pdf,pp24-25 Table2-2,reported_estimate,Utility-specific sensitivity candidate; review needed,ESP declarations; survey date unresolved; technical/commercial components not consistently separated; do not apply nationally.
PWR-036,losses,ALOOG distribution loss reported,40,percent,Borama; Somaliland reporting area,Undated ESP declaration reproduced June2025,Optimized Cost Electricity Generation and Transmission Development Plan for Somalia,Federal Ministry of Energy and Water Resources (MoEWR),2025-06,https://moewr.gov.so/wp-content/uploads/2025/07/Somalia-Generation-and-Transmission-Plan-2025-MoEWR.pdf,pp24-25 Table2-2,reported_estimate,Utility-specific sensitivity candidate; review needed,ESP declarations; survey date unresolved; technical/commercial components not consistently separated; do not apply nationally.
PWR-037,existing_generation,GECO: Reported installed total,2.4,MW,South Galkacyo; Galmudug,Draft ESIA baseline January2025; precise measurement date unstated,"Draft ESIA: Proposed Hybrid Power Plant for GECO, Gaalkacyo",MoEWR; Horizon Developments,2025-01-30,https://moewr.gov.so/wp-content/uploads/2025/02/GECO-ESIA.pdf,"PDF p12, Executive Summary item(iii)",reported_inventory_draft,Candidate existing-plant evidence; validate operational status,Not a commissioning certificate or audited asset register; aggregate utility capacity only; AC/DC PV basis unspecified.
PWR-038,existing_generation,GECO: Reported diesel capacity,2,MW,South Galkacyo; Galmudug,Draft ESIA baseline January2025; precise measurement date unstated,"Draft ESIA: Proposed Hybrid Power Plant for GECO, Gaalkacyo",MoEWR; Horizon Developments,2025-01-30,https://moewr.gov.so/wp-content/uploads/2025/02/GECO-ESIA.pdf,"PDF p12, Executive Summary item(iii)",reported_inventory_draft,Candidate existing-plant evidence; validate operational status,Not a commissioning certificate or audited asset register; aggregate utility capacity only; AC/DC PV basis unspecified.
PWR-039,existing_generation,GECO: Reported solar PV capacity,0.4,MW,South Galkacyo; Galmudug,Draft ESIA baseline January2025; precise measurement date unstated,"Draft ESIA: Proposed Hybrid Power Plant for GECO, Gaalkacyo",MoEWR; Horizon Developments,2025-01-30,https://moewr.gov.so/wp-content/uploads/2025/02/GECO-ESIA.pdf,"PDF p12, Executive Summary item(iii)",reported_inventory_draft,Candidate existing-plant evidence; validate operational status,Not a commissioning certificate or audited asset register; aggregate utility capacity only; AC/DC PV basis unspecified.
PWR-040,existing_generation,NEPCO: Reported installed total,5.4432,MW,North Galkacyo; Puntland,Draft ESIA baseline January2025; precise measurement date unstated,"Draft ESIA: Proposed Hybrid Power Plant for NEPCO, Gaalkacyo",MoEWR; Horizon Developments,2025-01-30,https://moewr.gov.so/wp-content/uploads/2025/02/NEPCO-ESIA.pdf,"PDF p13, Executive Summary item(iii)",reported_inventory_draft,Candidate existing-plant evidence; validate operational status,Not a commissioning certificate or audited asset register; aggregate utility capacity only; AC/DC PV basis unspecified.
PWR-041,existing_generation,NEPCO: Reported diesel capacity,4.9432,MW,North Galkacyo; Puntland,Draft ESIA baseline January2025; precise measurement date unstated,"Draft ESIA: Proposed Hybrid Power Plant for NEPCO, Gaalkacyo",MoEWR; Horizon Developments,2025-01-30,https://moewr.gov.so/wp-content/uploads/2025/02/NEPCO-ESIA.pdf,"PDF p13, Executive Summary item(iii)",reported_inventory_draft,Candidate existing-plant evidence; validate operational status,Not a commissioning certificate or audited asset register; aggregate utility capacity only; AC/DC PV basis unspecified.
PWR-042,existing_generation,NEPCO: Reported solar PV capacity,0.5,MW,North Galkacyo; Puntland,Draft ESIA baseline January2025; precise measurement date unstated,"Draft ESIA: Proposed Hybrid Power Plant for NEPCO, Gaalkacyo",MoEWR; Horizon Developments,2025-01-30,https://moewr.gov.so/wp-content/uploads/2025/02/NEPCO-ESIA.pdf,"PDF p13, Executive Summary item(iii)",reported_inventory_draft,Candidate existing-plant evidence; validate operational status,Not a commissioning certificate or audited asset register; aggregate utility capacity only; AC/DC PV basis unspecified.
PWR-043,existing_generation,BEC-Baidoa: Reported installed total,8.648,MW,Baidoa; South West State,Draft ESIA baseline January2025; precise measurement date unstated,Draft ESIA: Proposed Hybrid Power Plant for BEC-Baidoa,MoEWR; Horizon Developments,2025-01-30,https://moewr.gov.so/wp-content/uploads/2025/02/BEC-BAIDOA-ESIA.pdf,"PDF p12, Executive Summary item(iii)",reported_inventory_draft,Candidate existing-plant evidence; validate operational status,Not a commissioning certificate or audited asset register; aggregate utility capacity only; AC/DC PV basis unspecified.
PWR-044,existing_generation,BEC-Baidoa: Reported diesel capacity,7.648,MW,Baidoa; South West State,Draft ESIA baseline January2025; precise measurement date unstated,Draft ESIA: Proposed Hybrid Power Plant for BEC-Baidoa,MoEWR; Horizon Developments,2025-01-30,https://moewr.gov.so/wp-content/uploads/2025/02/BEC-BAIDOA-ESIA.pdf,"PDF p12, Executive Summary item(iii)",reported_inventory_draft,Candidate existing-plant evidence; validate operational status,Not a commissioning certificate or audited asset register; aggregate utility capacity only; AC/DC PV basis unspecified.
PWR-045,existing_generation,BEC-Baidoa: Reported solar PV capacity,1,MW,Baidoa; South West State,Draft ESIA baseline January2025; precise measurement date unstated,Draft ESIA: Proposed Hybrid Power Plant for BEC-Baidoa,MoEWR; Horizon Developments,2025-01-30,https://moewr.gov.so/wp-content/uploads/2025/02/BEC-BAIDOA-ESIA.pdf,"PDF p12, Executive Summary item(iii)",reported_inventory_draft,Candidate existing-plant evidence; validate operational status,Not a commissioning certificate or audited asset register; aggregate utility capacity only; AC/DC PV basis unspecified.
PWR-046,inventory_quarantine,BECO reported combined generation plus storage power,175,MW,BECO system; Mogadishu,Draft ESIA baseline January2025,"Draft ESIA: Proposed BECO Hybrid Power Plant, Dayniile",MoEWR; Horizon Developments,2025-01-30,https://moewr.gov.so/wp-content/uploads/2025/02/BECO-DAYNIILE-POWER-PLANT-ESIA.pdf,"PDF p14 / printed xiv, Executive Summary item(iii)",reported_inventory_mixed_generation_storage,Do not load as generation-only MW,"Source shares62%diesel31%PV7%BESS. Storage is included; not175MW of generation. Companywide, not Dayniile-site-only."
PWR-047,project_pipeline,NECSOM: Proposed solar PV,10,MWp,Garowe; Puntland,"July7-25,2025 mission; proposed EPC packages","SESRP Mid-Term Review and ASCENT Implementation Support Mission: Aide-Memoire, July 7-25 2025",World Bank,2025-11-04,https://documents1.worldbank.org/curated/en/099110425105030846/pdf/P173088-fa99e7da-f0c3-4bcc-a248-69768f01f7c1.pdf,p8 Annex2 Table1 and footnote7,planned_capacity,Pipeline scenario candidate; not existing capacity,"Contracts were under procurement at mission date. Cost is whole package; best-evaluated bid for NECSOM/NEPCO/GECO/BEC, estimate for WESCO. Later contract specifications not verified."
PWR-048,project_pipeline,NECSOM: Proposed BESS energy,20,MWh,Garowe; Puntland,"July7-25,2025 mission; proposed EPC packages","SESRP Mid-Term Review and ASCENT Implementation Support Mission: Aide-Memoire, July 7-25 2025",World Bank,2025-11-04,https://documents1.worldbank.org/curated/en/099110425105030846/pdf/P173088-fa99e7da-f0c3-4bcc-a248-69768f01f7c1.pdf,p8 Annex2 Table1 and footnote7,planned_capacity,Pipeline scenario candidate; not existing capacity,"Contracts were under procurement at mission date. Cost is whole package; best-evaluated bid for NECSOM/NEPCO/GECO/BEC, estimate for WESCO. Later contract specifications not verified."
PWR-049,project_pipeline,NECSOM: Estimated package cost,18.51,million USD,Garowe; Puntland,"July7-25,2025 mission; proposed EPC packages","SESRP Mid-Term Review and ASCENT Implementation Support Mission: Aide-Memoire, July 7-25 2025",World Bank,2025-11-04,https://documents1.worldbank.org/curated/en/099110425105030846/pdf/P173088-fa99e7da-f0c3-4bcc-a248-69768f01f7c1.pdf,p8 Annex2 Table1 and footnote7,bid_or_project_cost_estimate,Pipeline scenario candidate; not existing capacity,"Contracts were under procurement at mission date. Cost is whole package; best-evaluated bid for NECSOM/NEPCO/GECO/BEC, estimate for WESCO. Later contract specifications not verified."
PWR-050,project_pipeline,NEPCO: Proposed solar PV,4.3,MWp,North Galkacyo; Puntland,"July7-25,2025 mission; proposed EPC packages","SESRP Mid-Term Review and ASCENT Implementation Support Mission: Aide-Memoire, July 7-25 2025",World Bank,2025-11-04,https://documents1.worldbank.org/curated/en/099110425105030846/pdf/P173088-fa99e7da-f0c3-4bcc-a248-69768f01f7c1.pdf,p8 Annex2 Table1 and footnote7,planned_capacity,Pipeline scenario candidate; not existing capacity,"Contracts were under procurement at mission date. Cost is whole package; best-evaluated bid for NECSOM/NEPCO/GECO/BEC, estimate for WESCO. Later contract specifications not verified."
PWR-051,project_pipeline,NEPCO: Proposed BESS energy,9,MWh,North Galkacyo; Puntland,"July7-25,2025 mission; proposed EPC packages","SESRP Mid-Term Review and ASCENT Implementation Support Mission: Aide-Memoire, July 7-25 2025",World Bank,2025-11-04,https://documents1.worldbank.org/curated/en/099110425105030846/pdf/P173088-fa99e7da-f0c3-4bcc-a248-69768f01f7c1.pdf,p8 Annex2 Table1 and footnote7,planned_capacity,Pipeline scenario candidate; not existing capacity,"Contracts were under procurement at mission date. Cost is whole package; best-evaluated bid for NECSOM/NEPCO/GECO/BEC, estimate for WESCO. Later contract specifications not verified."
PWR-052,project_pipeline,NEPCO: Estimated package cost,10.57,million USD,North Galkacyo; Puntland,"July7-25,2025 mission; proposed EPC packages","SESRP Mid-Term Review and ASCENT Implementation Support Mission: Aide-Memoire, July 7-25 2025",World Bank,2025-11-04,https://documents1.worldbank.org/curated/en/099110425105030846/pdf/P173088-fa99e7da-f0c3-4bcc-a248-69768f01f7c1.pdf,p8 Annex2 Table1 and footnote7,bid_or_project_cost_estimate,Pipeline scenario candidate; not existing capacity,"Contracts were under procurement at mission date. Cost is whole package; best-evaluated bid for NECSOM/NEPCO/GECO/BEC, estimate for WESCO. Later contract specifications not verified."
PWR-053,project_pipeline,GECO: Proposed solar PV,3.42,MWp,South Galkacyo; Galmudug,"July7-25,2025 mission; proposed EPC packages","SESRP Mid-Term Review and ASCENT Implementation Support Mission: Aide-Memoire, July 7-25 2025",World Bank,2025-11-04,https://documents1.worldbank.org/curated/en/099110425105030846/pdf/P173088-fa99e7da-f0c3-4bcc-a248-69768f01f7c1.pdf,p8 Annex2 Table1 and footnote7,planned_capacity,Pipeline scenario candidate; not existing capacity,"Contracts were under procurement at mission date. Cost is whole package; best-evaluated bid for NECSOM/NEPCO/GECO/BEC, estimate for WESCO. Later contract specifications not verified."
PWR-054,project_pipeline,GECO: Proposed BESS energy,5,MWh,South Galkacyo; Galmudug,"July7-25,2025 mission; proposed EPC packages","SESRP Mid-Term Review and ASCENT Implementation Support Mission: Aide-Memoire, July 7-25 2025",World Bank,2025-11-04,https://documents1.worldbank.org/curated/en/099110425105030846/pdf/P173088-fa99e7da-f0c3-4bcc-a248-69768f01f7c1.pdf,p8 Annex2 Table1 and footnote7,planned_capacity,Pipeline scenario candidate; not existing capacity,"Contracts were under procurement at mission date. Cost is whole package; best-evaluated bid for NECSOM/NEPCO/GECO/BEC, estimate for WESCO. Later contract specifications not verified."
PWR-055,project_pipeline,GECO: Estimated package cost,5.31,million USD,South Galkacyo; Galmudug,"July7-25,2025 mission; proposed EPC packages","SESRP Mid-Term Review and ASCENT Implementation Support Mission: Aide-Memoire, July 7-25 2025",World Bank,2025-11-04,https://documents1.worldbank.org/curated/en/099110425105030846/pdf/P173088-fa99e7da-f0c3-4bcc-a248-69768f01f7c1.pdf,p8 Annex2 Table1 and footnote7,bid_or_project_cost_estimate,Pipeline scenario candidate; not existing capacity,"Contracts were under procurement at mission date. Cost is whole package; best-evaluated bid for NECSOM/NEPCO/GECO/BEC, estimate for WESCO. Later contract specifications not verified."
PWR-056,project_pipeline,WESCO: Proposed solar PV,6,MWp,Kismayo; Jubaland,"July7-25,2025 mission; proposed EPC packages","SESRP Mid-Term Review and ASCENT Implementation Support Mission: Aide-Memoire, July 7-25 2025",World Bank,2025-11-04,https://documents1.worldbank.org/curated/en/099110425105030846/pdf/P173088-fa99e7da-f0c3-4bcc-a248-69768f01f7c1.pdf,p8 Annex2 Table1 and footnote7,planned_capacity,Pipeline scenario candidate; not existing capacity,"Contracts were under procurement at mission date. Cost is whole package; best-evaluated bid for NECSOM/NEPCO/GECO/BEC, estimate for WESCO. Later contract specifications not verified."
PWR-057,project_pipeline,WESCO: Proposed BESS energy,9.8,MWh,Kismayo; Jubaland,"July7-25,2025 mission; proposed EPC packages","SESRP Mid-Term Review and ASCENT Implementation Support Mission: Aide-Memoire, July 7-25 2025",World Bank,2025-11-04,https://documents1.worldbank.org/curated/en/099110425105030846/pdf/P173088-fa99e7da-f0c3-4bcc-a248-69768f01f7c1.pdf,p8 Annex2 Table1 and footnote7,planned_capacity,Pipeline scenario candidate; not existing capacity,"Contracts were under procurement at mission date. Cost is whole package; best-evaluated bid for NECSOM/NEPCO/GECO/BEC, estimate for WESCO. Later contract specifications not verified."
PWR-058,project_pipeline,WESCO: Estimated package cost,8.1,million USD,Kismayo; Jubaland,"July7-25,2025 mission; proposed EPC packages","SESRP Mid-Term Review and ASCENT Implementation Support Mission: Aide-Memoire, July 7-25 2025",World Bank,2025-11-04,https://documents1.worldbank.org/curated/en/099110425105030846/pdf/P173088-fa99e7da-f0c3-4bcc-a248-69768f01f7c1.pdf,p8 Annex2 Table1 and footnote7,bid_or_project_cost_estimate,Pipeline scenario candidate; not existing capacity,"Contracts were under procurement at mission date. Cost is whole package; best-evaluated bid for NECSOM/NEPCO/GECO/BEC, estimate for WESCO. Later contract specifications not verified."
PWR-059,project_pipeline,BEC: Proposed solar PV,5.3,MWp,Baidoa; South West State,"July7-25,2025 mission; proposed EPC packages","SESRP Mid-Term Review and ASCENT Implementation Support Mission: Aide-Memoire, July 7-25 2025",World Bank,2025-11-04,https://documents1.worldbank.org/curated/en/099110425105030846/pdf/P173088-fa99e7da-f0c3-4bcc-a248-69768f01f7c1.pdf,p8 Annex2 Table1 and footnote7,planned_capacity,Pipeline scenario candidate; not existing capacity,"Contracts were under procurement at mission date. Cost is whole package; best-evaluated bid for NECSOM/NEPCO/GECO/BEC, estimate for WESCO. Later contract specifications not verified."
PWR-060,project_pipeline,BEC: Proposed BESS energy,8.3,MWh,Baidoa; South West State,"July7-25,2025 mission; proposed EPC packages","SESRP Mid-Term Review and ASCENT Implementation Support Mission: Aide-Memoire, July 7-25 2025",World Bank,2025-11-04,https://documents1.worldbank.org/curated/en/099110425105030846/pdf/P173088-fa99e7da-f0c3-4bcc-a248-69768f01f7c1.pdf,p8 Annex2 Table1 and footnote7,planned_capacity,Pipeline scenario candidate; not existing capacity,"Contracts were under procurement at mission date. Cost is whole package; best-evaluated bid for NECSOM/NEPCO/GECO/BEC, estimate for WESCO. Later contract specifications not verified."
PWR-061,project_pipeline,BEC: Estimated package cost,9.31,million USD,Baidoa; South West State,"July7-25,2025 mission; proposed EPC packages","SESRP Mid-Term Review and ASCENT Implementation Support Mission: Aide-Memoire, July 7-25 2025",World Bank,2025-11-04,https://documents1.worldbank.org/curated/en/099110425105030846/pdf/P173088-fa99e7da-f0c3-4bcc-a248-69768f01f7c1.pdf,p8 Annex2 Table1 and footnote7,bid_or_project_cost_estimate,Pipeline scenario candidate; not existing capacity,"Contracts were under procurement at mission date. Cost is whole package; best-evaluated bid for NECSOM/NEPCO/GECO/BEC, estimate for WESCO. Later contract specifications not verified."
PWR-062,losses,NECSOM: Current technical loss estimate,20,percent,Garowe,July2025 MTR,"SESRP Mid-Term Review and ASCENT Implementation Support Mission: Aide-Memoire, July 7-25 2025",World Bank,2025-11-04,https://documents1.worldbank.org/curated/en/099110425105030846/pdf/P173088-fa99e7da-f0c3-4bcc-a248-69768f01f7c1.pdf,"p15 Annex4, Technical loss reduction row",reported_estimate,"Utility-level loss sensitivity, not national default",The table labels current estimates and targets; this is not a metered-loss audit. Source spelling NECOM mapped to NECSOM by project context.
PWR-063,losses,NECSOM: Target technical losses,15,percent,Garowe,Post-project target; timing not specified,"SESRP Mid-Term Review and ASCENT Implementation Support Mission: Aide-Memoire, July 7-25 2025",World Bank,2025-11-04,https://documents1.worldbank.org/curated/en/099110425105030846/pdf/P173088-fa99e7da-f0c3-4bcc-a248-69768f01f7c1.pdf,"p15 Annex4, Technical loss reduction row",project_target,"Utility-level loss sensitivity, not national default",The table labels current estimates and targets; this is not a metered-loss audit. Source spelling NECOM mapped to NECSOM by project context.
PWR-064,losses,NEPCO: Current technical loss estimate,25,percent,North Galkacyo,July2025 MTR,"SESRP Mid-Term Review and ASCENT Implementation Support Mission: Aide-Memoire, July 7-25 2025",World Bank,2025-11-04,https://documents1.worldbank.org/curated/en/099110425105030846/pdf/P173088-fa99e7da-f0c3-4bcc-a248-69768f01f7c1.pdf,"p15 Annex4, Technical loss reduction row",reported_estimate,"Utility-level loss sensitivity, not national default",The table labels current estimates and targets; this is not a metered-loss audit. Source spelling NECOM mapped to NECSOM by project context.
PWR-065,losses,NEPCO: Target technical losses,19,percent,North Galkacyo,Post-project target; timing not specified,"SESRP Mid-Term Review and ASCENT Implementation Support Mission: Aide-Memoire, July 7-25 2025",World Bank,2025-11-04,https://documents1.worldbank.org/curated/en/099110425105030846/pdf/P173088-fa99e7da-f0c3-4bcc-a248-69768f01f7c1.pdf,"p15 Annex4, Technical loss reduction row",project_target,"Utility-level loss sensitivity, not national default",The table labels current estimates and targets; this is not a metered-loss audit. Source spelling NECOM mapped to NECSOM by project context.
PWR-066,losses,GECO: Current technical loss estimate,32,percent,South Galkacyo,July2025 MTR,"SESRP Mid-Term Review and ASCENT Implementation Support Mission: Aide-Memoire, July 7-25 2025",World Bank,2025-11-04,https://documents1.worldbank.org/curated/en/099110425105030846/pdf/P173088-fa99e7da-f0c3-4bcc-a248-69768f01f7c1.pdf,"p15 Annex4, Technical loss reduction row",reported_estimate,"Utility-level loss sensitivity, not national default",The table labels current estimates and targets; this is not a metered-loss audit. Source spelling NECOM mapped to NECSOM by project context.
PWR-067,losses,GECO: Target technical losses,15,percent,South Galkacyo,Post-project target; timing not specified,"SESRP Mid-Term Review and ASCENT Implementation Support Mission: Aide-Memoire, July 7-25 2025",World Bank,2025-11-04,https://documents1.worldbank.org/curated/en/099110425105030846/pdf/P173088-fa99e7da-f0c3-4bcc-a248-69768f01f7c1.pdf,"p15 Annex4, Technical loss reduction row",project_target,"Utility-level loss sensitivity, not national default",The table labels current estimates and targets; this is not a metered-loss audit. Source spelling NECOM mapped to NECSOM by project context.
PWR-068,losses,WESCO: Current technical loss estimate,32,percent,Kismayo,July2025 MTR,"SESRP Mid-Term Review and ASCENT Implementation Support Mission: Aide-Memoire, July 7-25 2025",World Bank,2025-11-04,https://documents1.worldbank.org/curated/en/099110425105030846/pdf/P173088-fa99e7da-f0c3-4bcc-a248-69768f01f7c1.pdf,"p15 Annex4, Technical loss reduction row",reported_estimate,"Utility-level loss sensitivity, not national default",The table labels current estimates and targets; this is not a metered-loss audit. Source spelling NECOM mapped to NECSOM by project context.
PWR-069,losses,WESCO: Target technical losses,20,percent,Kismayo,Post-project target; timing not specified,"SESRP Mid-Term Review and ASCENT Implementation Support Mission: Aide-Memoire, July 7-25 2025",World Bank,2025-11-04,https://documents1.worldbank.org/curated/en/099110425105030846/pdf/P173088-fa99e7da-f0c3-4bcc-a248-69768f01f7c1.pdf,"p15 Annex4, Technical loss reduction row",project_target,"Utility-level loss sensitivity, not national default",The table labels current estimates and targets; this is not a metered-loss audit. Source spelling NECOM mapped to NECSOM by project context.
PWR-070,losses,BEC: Current technical loss estimate,33,percent,Baidoa,July2025 MTR,"SESRP Mid-Term Review and ASCENT Implementation Support Mission: Aide-Memoire, July 7-25 2025",World Bank,2025-11-04,https://documents1.worldbank.org/curated/en/099110425105030846/pdf/P173088-fa99e7da-f0c3-4bcc-a248-69768f01f7c1.pdf,"p15 Annex4, Technical loss reduction row",reported_estimate,"Utility-level loss sensitivity, not national default",The table labels current estimates and targets; this is not a metered-loss audit. Source spelling NECOM mapped to NECSOM by project context.
PWR-071,losses,BEC: Target technical losses,20,percent,Baidoa,Post-project target; timing not specified,"SESRP Mid-Term Review and ASCENT Implementation Support Mission: Aide-Memoire, July 7-25 2025",World Bank,2025-11-04,https://documents1.worldbank.org/curated/en/099110425105030846/pdf/P173088-fa99e7da-f0c3-4bcc-a248-69768f01f7c1.pdf,"p15 Annex4, Technical loss reduction row",project_target,"Utility-level loss sensitivity, not national default",The table labels current estimates and targets; this is not a metered-loss audit. Source spelling NECOM mapped to NECSOM by project context.
PWR-072,project_status,Solar PV in SPV+BESS contracts,50,MWp,SESRP project areas in Somalia and Somaliland,March2026,SESRP (P173088): Restructuring Paper RES01687,World Bank,2026-03-26,https://documents1.worldbank.org/curated/en/099032626073010531/pdf/P173088-db056fb6-ff05-4619-bc8c-69938418e4de.pdf,"PDF p6 / printed p1, paragraph2(b)",contracted_under_implementation,Project-specific evidence; not a national baseline,Contracts at various implementation stages; not50MWp commissioned. Includes Somaliland project scope.
PWR-073,project_status,BESS energy in SPV+BESS contracts,130,MWh,SESRP project areas in Somalia and Somaliland,March2026,SESRP (P173088): Restructuring Paper RES01687,World Bank,2026-03-26,https://documents1.worldbank.org/curated/en/099032626073010531/pdf/P173088-db056fb6-ff05-4619-bc8c-69938418e4de.pdf,"PDF p6 / printed p1, paragraph2(b)",contracted_under_implementation,Project-specific evidence; not a national baseline,Storage energy; do not treat as MW. Commissioning not established.
PWR-074,project_status,Health institutions commissioned,120,institutions,SESRP project areas in Somalia and Somaliland,March2026,SESRP (P173088): Restructuring Paper RES01687,World Bank,2026-03-26,https://documents1.worldbank.org/curated/en/099032626073010531/pdf/P173088-db056fb6-ff05-4619-bc8c-69938418e4de.pdf,"PDF p6 / printed p1, paragraph2(c)",reported_commissioned,Project-specific evidence; not a national baseline,"Project count, not a count of all electrified health facilities in Somalia."
PWR-075,project_status,Education institutions commissioned,173,institutions,SESRP project areas in Somalia and Somaliland,March2026,SESRP (P173088): Restructuring Paper RES01687,World Bank,2026-03-26,https://documents1.worldbank.org/curated/en/099032626073010531/pdf/P173088-db056fb6-ff05-4619-bc8c-69938418e4de.pdf,"PDF p6 / printed p1, paragraph2(c)",reported_commissioned,Project-specific evidence; not a national baseline,Project count; March narrative is newer than some October2025 indicator rows.
PWR-076,project_status,Health institutions in revised component scope,196,institutions,SESRP project areas in Somalia and Somaliland,March2026 revised scope,SESRP (P173088): Restructuring Paper RES01687,World Bank,2026-03-26,https://documents1.worldbank.org/curated/en/099032626073010531/pdf/P173088-db056fb6-ff05-4619-bc8c-69938418e4de.pdf,"PDF p6 / printed p1, paragraph2(c)",project_scope_target,Project-specific evidence; not a national baseline,Not all commissioned; differs from original205 target.
PWR-077,project_status,Education institutions in revised component scope,272,institutions,SESRP project areas in Somalia and Somaliland,March2026 revised scope,SESRP (P173088): Restructuring Paper RES01687,World Bank,2026-03-26,https://documents1.worldbank.org/curated/en/099032626073010531/pdf/P173088-db056fb6-ff05-4619-bc8c-69938418e4de.pdf,"PDF p6 / printed p1, paragraph2(c)",project_scope_target,Project-specific evidence; not a national baseline,Not all commissioned; differs from original380 target.
PWR-078,project_status,Renewable generation capacity constructed under SESRP,8.1,MW,SESRP project areas in Somalia and Somaliland,2026-02-28,SESRP (P173088): Restructuring Paper RES01687,World Bank,2026-03-26,https://documents1.worldbank.org/curated/en/099032626073010531/pdf/P173088-db056fb6-ff05-4619-bc8c-69938418e4de.pdf,"PDF p12 / printed p7, Results renewable generation row",reported_project_result,Project-specific evidence; not a national baseline,"Project contribution only, not national renewable stock; table comments retain stale October2025 wording."
PWR-079,project_status,Additional electricity supply under SESRP,17739,MWh,SESRP project areas in Somalia and Somaliland,2025-10-15,SESRP (P173088): Restructuring Paper RES01687,World Bank,2026-03-26,https://documents1.worldbank.org/curated/en/099032626073010531/pdf/P173088-db056fb6-ff05-4619-bc8c-69938418e4de.pdf,"PDF p12 / printed p7, Results electricity supply row",reported_project_result,Project-specific evidence; not a national baseline,Public-institution systems; accumulation interval not explicit. Do not reinterpret as annual national generation.
PWR-080,project_status,Proposed revised SESRP renewable generation target,55.21,MW,SESRP project areas in Somalia and Somaliland,Target June2028,SESRP (P173088): Restructuring Paper RES01687,World Bank,2026-03-26,https://documents1.worldbank.org/curated/en/099032626073010531/pdf/P173088-db056fb6-ff05-4619-bc8c-69938418e4de.pdf,PDF p8 / printed p3 Table1 and PDF p12 results,proposed_project_target,Project-specific evidence; not a national baseline,"Proposed restructuring target, not observed capacity or national target; another generation row retains23MW."
PWR-081,project_status,Proposed revised project electricity supply target,241772,MWh,SESRP project areas in Somalia and Somaliland,Target June2028,SESRP (P173088): Restructuring Paper RES01687,World Bank,2026-03-26,https://documents1.worldbank.org/curated/en/099032626073010531/pdf/P173088-db056fb6-ff05-4619-bc8c-69938418e4de.pdf,PDF p8 / printed p3 Table1,proposed_project_target,Project-specific evidence; not a national baseline,Period basis not explicitly annual; do not use as Somalia consumption.
PWR-082,project_status,Project tariff-reduction target,30,percent,SESRP project areas in Somalia and Somaliland,Target June2028,SESRP (P173088): Restructuring Paper RES01687,World Bank,2026-03-26,https://documents1.worldbank.org/curated/en/099032626073010531/pdf/P173088-db056fb6-ff05-4619-bc8c-69938418e4de.pdf,PDF p8 / printed p3 Table1,proposed_project_target,Project-specific evidence; not a national baseline,"Project-relative reduction, not an actual tariff or guaranteed change."
PWR-083,project_status,Mogadishu and Hargeisa132kV subtransmission scope,dropped,status,SESRP project areas in Somalia and Somaliland,March2026 restructuring report,SESRP (P173088): Restructuring Paper RES01687,World Bank,2026-03-26,https://documents1.worldbank.org/curated/en/099032626073010531/pdf/P173088-db056fb6-ff05-4619-bc8c-69938418e4de.pdf,"PDF p8 / printed p3, paragraph6",reported_scope_cancellation,Project-specific evidence; not a national baseline,Detailed assessment found unnecessary at current demand. Not an existing or committed132kV network.
PWR-084,project_status,Requested new project closing date,2028-06-30,date,SESRP project areas in Somalia and Somaliland,"Request March5,2026",SESRP (P173088): Restructuring Paper RES01687,World Bank,2026-03-26,https://documents1.worldbank.org/curated/en/099032626073010531/pdf/P173088-db056fb6-ff05-4619-bc8c-69938418e4de.pdf,"PDF p7 / printed p2, paragraph4",proposed_restructuring,Project-specific evidence; not a national baseline,A proposal/request; not independently verified as approved closing date.
PWR-085,project_version_conflict,GECO tender solar PV,3.5,MWp,South Galkacyo; Galmudug,Tender addendum2025-02-16,"GECO Solar PV+BESS tender addendum, SO-MOEWR-459178-CW-RFB",MoEWR,2025-02-16,https://moewr.gov.so/wp-content/uploads/2025/03/Addendum-No2-for-GECO-RFB.pdf,p1 contract SO-MOEWR-459178-CW-RFB,historical_tender_design,Track design changes only,July2025 MTR gives3.42MWp+5MWh. Final contract scope not established; filename and internal addendum number differ.
PWR-086,project_version_conflict,GECO tender BESS energy,7,MWh,South Galkacyo; Galmudug,Tender addendum2025-02-16,"GECO Solar PV+BESS tender addendum, SO-MOEWR-459178-CW-RFB",MoEWR,2025-02-16,https://moewr.gov.so/wp-content/uploads/2025/03/Addendum-No2-for-GECO-RFB.pdf,p1 contract SO-MOEWR-459178-CW-RFB,historical_tender_design,Track design changes only,July2025 MTR gives3.42MWp+5MWh. Final contract scope not established; filename and internal addendum number differ.
PWR-087,project_pipeline,Jazeera tender solar PV,55,MWp(AC) as printed,Jazeera; BECO; Mogadishu,March2025 tender addendum,"Jazeera Power Plant BECO: Addendum 001, submission extension",MoEWR,2025-03,https://moewr.gov.so/wp-content/uploads/2025/03/Jazeera-Addendum-001-Submission-Extension-Jazeera-Power-Plant-BECO-Mogadishu.pdf,"p1, SO-MOEWR-464597-CW-RFB",tender_design,ASCENT pipeline only,"MWp(AC) is nonstandard/ambiguous; retain original basis, do not convert to AC or DC. Bid extension is not award or commissioning evidence."
PWR-088,project_pipeline,Jazeera tender BESS energy,160,MWh,Jazeera; BECO; Mogadishu,March2025 tender addendum,"Jazeera Power Plant BECO: Addendum 001, submission extension",MoEWR,2025-03,https://moewr.gov.so/wp-content/uploads/2025/03/Jazeera-Addendum-001-Submission-Extension-Jazeera-Power-Plant-BECO-Mogadishu.pdf,"p1, SO-MOEWR-464597-CW-RFB",tender_design,ASCENT pipeline only,"MWp(AC) is nonstandard/ambiguous; retain original basis, do not convert to AC or DC. Bid extension is not award or commissioning evidence."
PWR-089,bosaso_project,PEPCO merger year,2022,year,Bosaso; Puntland,ESIA March2025; feasibility reference2024,Draft ESIA: Proposed Repair and Expansion of Bosaso Power Grid,MoEWR; Horizon Developments,2025-03-23,https://moewr.gov.so/wp-content/uploads/2025/05/Final-Bosaso-ESIA-Report-20250324-Clean-ver-4-2.pdf,"PDF p14 / printed xiv, Project description(i)",reported_sector_history,Project pipeline or utility boundary evidence,Merger of ENEE/GOLIS/SEPCO/RAHMO/TOWHID; not proof all networks interconnected. Cover says draft despite Final in filename.
PWR-090,bosaso_project,Electricity service providers in Bosaso,4,providers,Bosaso; Puntland,ESIA March2025; feasibility reference2024,Draft ESIA: Proposed Repair and Expansion of Bosaso Power Grid,MoEWR; Horizon Developments,2025-03-23,https://moewr.gov.so/wp-content/uploads/2025/05/Final-Bosaso-ESIA-Report-20250324-Clean-ver-4-2.pdf,"PDF p14 / printed xiv, Project description(i)",reported_sector_history,Project pipeline or utility boundary evidence,"PEPCO/Tawfiq/Alfardaws/Somtel; report-era scope, not national ESP count. Cover says draft despite Final in filename."
PWR-091,bosaso_project,Proposed new solar PV DC capacity,7.15,MWp,Bosaso; Puntland,ESIA March2025; feasibility reference2024,Draft ESIA: Proposed Repair and Expansion of Bosaso Power Grid,MoEWR; Horizon Developments,2025-03-23,https://moewr.gov.so/wp-content/uploads/2025/05/Final-Bosaso-ESIA-Report-20250324-Clean-ver-4-2.pdf,"PDF p91 / printed p44, section3.3.1.1",planned_design_or_cost,Project pipeline or utility boundary evidence,"New project increment, not total existing+planned solar. Cover says draft despite Final in filename."
PWR-092,bosaso_project,Proposed new solar PV AC capacity,5.5,MW,Bosaso; Puntland,ESIA March2025; feasibility reference2024,Draft ESIA: Proposed Repair and Expansion of Bosaso Power Grid,MoEWR; Horizon Developments,2025-03-23,https://moewr.gov.so/wp-content/uploads/2025/05/Final-Bosaso-ESIA-Report-20250324-Clean-ver-4-2.pdf,"PDF p91 / printed p44, section3.3.1.1",planned_design_or_cost,Project pipeline or utility boundary evidence,"Explicit AC counterpart to7.15MWp; planned, not commissioned. Cover says draft despite Final in filename."
PWR-093,bosaso_project,Proposed BESS power,3,MW,Bosaso; Puntland,ESIA March2025; feasibility reference2024,Draft ESIA: Proposed Repair and Expansion of Bosaso Power Grid,MoEWR; Horizon Developments,2025-03-23,https://moewr.gov.so/wp-content/uploads/2025/05/Final-Bosaso-ESIA-Report-20250324-Clean-ver-4-2.pdf,"PDF p91 / printed p44, section3.3.1.1",planned_design_or_cost,Project pipeline or utility boundary evidence,"Power, distinct from energy11MWh. Cover says draft despite Final in filename."
PWR-094,bosaso_project,Proposed BESS energy,11,MWh,Bosaso; Puntland,ESIA March2025; feasibility reference2024,Draft ESIA: Proposed Repair and Expansion of Bosaso Power Grid,MoEWR; Horizon Developments,2025-03-23,https://moewr.gov.so/wp-content/uploads/2025/05/Final-Bosaso-ESIA-Report-20250324-Clean-ver-4-2.pdf,"PDF p91 / printed p44, section3.3.1.1",planned_design_or_cost,Project pipeline or utility boundary evidence,Planned storage; usable energy and degradation basis unspecified. Cover says draft despite Final in filename.
PWR-095,bosaso_project,Proposed11kV network extension,24.7,km,Bosaso; Puntland,ESIA March2025; feasibility reference2024,Draft ESIA: Proposed Repair and Expansion of Bosaso Power Grid,MoEWR; Horizon Developments,2025-03-23,https://moewr.gov.so/wp-content/uploads/2025/05/Final-Bosaso-ESIA-Report-20250324-Clean-ver-4-2.pdf,"PDF p92 / printed p45, section3.3.2.2",planned_design_or_cost,Project pipeline or utility boundary evidence,"Planned distribution, not existing transmission asset. Cover says draft despite Final in filename."
PWR-096,bosaso_project,New distribution transformers,40,transformers,Bosaso; Puntland,ESIA March2025; feasibility reference2024,Draft ESIA: Proposed Repair and Expansion of Bosaso Power Grid,MoEWR; Horizon Developments,2025-03-23,https://moewr.gov.so/wp-content/uploads/2025/05/Final-Bosaso-ESIA-Report-20250324-Clean-ver-4-2.pdf,"PDF p92 / printed p45, section3.3.2.2",planned_design_or_cost,Project pipeline or utility boundary evidence,Planned11/0.4kV pole-mounted units. Cover says draft despite Final in filename.
PWR-097,bosaso_project,Combined new transformer rated capacity,10545,kVA,Bosaso; Puntland,ESIA March2025; feasibility reference2024,Draft ESIA: Proposed Repair and Expansion of Bosaso Power Grid,MoEWR; Horizon Developments,2025-03-23,https://moewr.gov.so/wp-content/uploads/2025/05/Final-Bosaso-ESIA-Report-20250324-Clean-ver-4-2.pdf,"PDF p92 / printed p45, section3.3.2.2",planned_design_or_cost,Project pipeline or utility boundary evidence,"Apparent power, not electrical generation MW. Cover says draft despite Final in filename."
PWR-098,bosaso_project,Estimated project investment cost,25401917,USD,Bosaso; Puntland,ESIA March2025; feasibility reference2024,Draft ESIA: Proposed Repair and Expansion of Bosaso Power Grid,MoEWR; Horizon Developments,2025-03-23,https://moewr.gov.so/wp-content/uploads/2025/05/Final-Bosaso-ESIA-Report-20250324-Clean-ver-4-2.pdf,"PDF p101 / printed p54, Table3-0-1",planned_design_or_cost,Project pipeline or utility boundary evidence,"Excludes land, rights of way and taxes; feasibility cost, not later financing approval or unit capital cost. Cover says draft despite Final in filename."
PWR-099,policy,Electricity Act presidential signing,2023-03-08,date,Federal Republic of Somalia,2023-03-08,Somalia Electricity Act,MoEWR,2023-03-08,https://moewr.gov.so/ova_doc/somalia-electricity-act/,Government announcement,official_policy_event,Regulatory context,Signing event does not establish implementation of every provision.
PWR-100,policy,Tariff and licensing regulations cabinet approval,2023-07-13,date,Federal Republic of Somalia,2023-07-13,Tariff and Licensing Regulations,MoEWR,2023-07-13,https://moewr.gov.so/ova_doc/tariff-and-licensing-regulations/,Government announcement,official_policy_event,Regulatory context,Approval does not establish current approved utility tariff schedules.
