"source_id","category","title","publisher","landing_url","download_or_api_url","coverage","temporal_coverage","resolution","variables","units","license","access_status","model_use","caveat"
"GEO-001","Solar resource","Somalia Global Solar Atlas v2 long-term GIS rasters","World Bank ESMAP; Solargis","https://solargis.com/resources/free-maps-and-gis-data?locality=somalia","https://cms.solargis.com/file?url=download/Somalia/Somalia_GISdata_LTAym_AvgDailyTotals_GlobalSolarAtlas-v2_GEOTIFF.zip&bucket=globalsolaratlas.info","Somalia country package; EPSG:4326","Long-term annual/monthly climatology; reference years must be read from package metadata","Irradiation 9 arcsec (~250 m); PVOUT and temperature 30 arcsec (~1 km); optimum tilt 2 arcmin (~4 km)","GHI; DNI; DIF; GTI; PVOUT; optimum tilt; temperature (verify actual package layers)","Irradiation kWh/m2/day; PVOUT kWh/kWp/day in daily-total package; degree C; degrees","Solargis download page labels CC BY-SA 4.0; GSA FAQ states CC BY 4.0; preserve package-specific terms and resolve discrepancy","Source and exact links verified; raw ZIP not downloaded by this research agent","Long-term solar screening; benchmark future modeled PV profiles","Country package is ~74.4 MB; separate yearly/monthly totals package ~78.8 MB. Neither monthly resource nor PVOUT is an hourly capacity-factor series. Maps dated 2021 do not establish observation-period end."
"GEO-002","Wind resource","Global Wind Atlas 4.0 Somalia wind speed at 100 m","Technical University of Denmark; World Bank ESMAP; Vortex","https://globalwindatlas.info/en/about/method","https://globalwindatlas.info/api/gis/country/SOM/wind-speed/100","Somalia; wind atlas also covers land and offshore global domains","2008-2017 ERA5-forced mesoscale simulation climatology","~250 m / 0.0025 degree grid; heights 10/50/100/150/200 m","Mean wind speed; separate layers include power density; Weibull parameters; representative turbine capacity factors","m/s for linked wind-speed layer; W/m2 for power density; units depend on other layer","CC BY 4.0 except explicitly identified third-party layers; required GWA 4.0 partnership attribution","Downloaded 2026-09-28; SHA256/byte count/CRS/dimensions/nodata and all raster pixels independently checked; see raw/global_wind_atlas provenance and audit","Wind screening; compare long-term means with time-series resource modeling","WRF 3 km then PyWAsP downscaling; local obstacles excluded. Atlas capacity factors depend on representative turbine assumptions and are not measured plant output. Provider prohibits bulk API downloads of all countries/datasets. Delivered product includes offshore cells: 19,053,180 finite pixels, min 2.255723953 and max 16.345039368 m/s; these are product extrema, not national onshore statistics."
"GEO-003","Weather and renewable profiles","ERA5 hourly data on single levels","Copernicus Climate Change Service; ECMWF","https://cds.climate.copernicus.eu/datasets/reanalysis-era5-single-levels","https://cds.climate.copernicus.eu/datasets/reanalysis-era5-single-levels?tab=download","Global; request Somalia plus adequate regional buffer","1940-present; hourly; near-real-time ERA5T can be revised after 2-3 months","0.25 degree regular grid distributed; underlying model ~31 km","10 m and 100 m wind components; 2 m temperature/dewpoint; solar radiation; precipitation; surface pressure","m/s; K; J/m2 for accumulated radiation; m for accumulated precipitation; Pa","CC BY license displayed by current CDS catalog; accept applicable catalog terms before retrieval","Primary metadata verified; CDS registration/request required; no data downloaded","Consistent multiyear weather input and regional dependence for solar/wind profile development","Reanalysis is model-assisted; variables have different accumulation definitions. Convert energy to mean power using the documented accumulation interval. Wind speed needs a specified turbine/power-curve model."
"GEO-004","Land climate and water","ERA5-Land hourly data","Copernicus Climate Change Service; ECMWF","https://cds.climate.copernicus.eu/datasets/reanalysis-era5-land","https://cds.climate.copernicus.eu/datasets/reanalysis-era5-land?tab=download","Global land; subset Somalia and upstream catchments when needed","1950-present; hourly","0.1 degree distributed; native ~9 km","Soil moisture and temperature; runoff; evaporation; precipitation; temperature","Layer-specific: volumetric soil moisture m3/m3; K; water-equivalent m","CC BY license displayed by current CDS catalog; applicable CDS access terms","Primary metadata verified; account/request required; no data downloaded","Drought, water balance and climate-stress scenarios","Driven by ERA5; not independent validation of ERA5. Four soil layers: 0-7, 7-28, 28-100 and 100-289 cm. Runoff is not measured river discharge."
"GEO-005","Rainfall and drought","CHIRPS version 3 precipitation","Climate Hazards Center; University of California Santa Barbara","https://chc.ucsb.edu/data/chirps3","https://data.chc.ucsb.edu/products/CHIRPS/v3.0/","Land 60 S-60 N; global longitude, including Somalia","1981-near present; daily/pentad/dekad/monthly/annual","0.05 degree","Gauge-blended satellite precipitation estimates","mm per specified accumulation period","Provider states public-domain availability and CC BY 4.0; retain citation and attribution","Primary documentation and public directory verified; no raster downloaded","Historical rainfall variability, drought years and cross-checks of modeled precipitation","v3 daily rnl uses ERA5 temporal partitioning; daily sat uses IMERG Late V07. These are not fully independent daily comparisons. Final monthly release arrives about third week of following month; v2 production scheduled to end December 2026."
"GEO-006","Rainfall extremes","GPM IMERG Final V07B","NASA GPM; NASA GES DISC; PPS","https://gpm.nasa.gov/data/directory","https://disc.gsfc.nasa.gov/datasets/GPM_3IMERGHH_07/summary","Global precipitation product; Somalia included","January 1998-present; half-hourly; daily and monthly products also available; final latency ~3.5 months","0.1 degree (~10 km)","Precipitation rate/accumulation; quality and uncertainty fields","mm/h for rates; accumulation units depend on selected product; check scale/offset","NASA open-data distribution with product citation; no Creative Commons license asserted here","Current NASA product directory verified; Earthdata/PPS registration may be required; no data downloaded","Extreme-rainfall and seasonal-resource stress analysis","Use Final for retrospective research. Archive time coverage is current V07B and differs from older IMERG descriptions. GeoTIFF scaling differs by temporal product; do not treat encoded integers as rainfall."
"GEO-007","Administrative boundaries","Somalia COD administrative and operational boundaries January 2025","OCHA; Somalia authorities; SODMA/WFP catalog mirror","https://sodma-dev.okfn.org/dataset/cod-ab-som","https://data.humdata.org/dataset/ec140a63-5330-4376-a3df-c7ebf73cfc3c/resource/cc9ada4b-aee2-4745-ab59-98e7ef4ce037/download/som_adm_ocha_20250108_ab_shp.zip","Somalia; ADM0/ADM1/ADM2 plus operational zones","January 2025 update; reviewed December 2024; underlying boundary establishment date 1984","Vector polygons; 18 regions and 91 districts in catalog","Administrative geometry; names; p-codes; operational-zone geometry","Degrees in geographic coordinates; categorical identifiers","Mirror metadata: cc-by-igo; exact license version requires package confirmation","Official mirror metadata and linked URL verified; HDX landing returned 403 and linked ZIP returned 404 in web access; no file validated","Administrative reporting, source joins, regional data aggregation","OPZ1/OPZ2 are not ADM3. Federal member-state boundaries are absent and cannot be reconstructed accurately from ADM2 per metadata. Do not use admin boundaries automatically as electricity zones."
"GEO-008","Administrative boundaries alternative","geoBoundaries gbOpen Somalia ADM0/ADM1/ADM2","William & Mary geoLab; original UNDP/OCHA, OpenStreetMap/Wambacher, GPEI sources","https://www.geoboundaries.org/api/current/gbOpen/SOM/ALL/","https://github.com/wmgeolab/geoBoundaries/raw/9469f09/releaseData/gbOpen/SOM/ADM2/geoBoundaries-SOM-ADM2.geojson","Somalia; API exposes separate levels with different sources","ADM0 2021; ADM1 2015; ADM2 2022; build December 2023","Vector: ADM0 1; ADM1 18; ADM2 118 units","Geometry; administrative names; boundary metadata","Coordinates in degrees; categorical identifiers","ADM0 CC BY 3.0 IGO; ADM1 ODbL 1.0; ADM2 CC BY 4.0 according to per-level API metadata","JSON metadata verified; raw geometry not downloaded by this agent; parent acquisition handled separately","Clearly labeled alternate boundary reference pending COD retrieval/crosswalk","118 ADM2 units conflict with current COD 91; retain both vintages and source IDs. Do not silently conflate sources or label all gbOpen layers CC BY 4.0."
"GEO-009","Transport and electricity geography","OpenStreetMap Somalia extract","OpenStreetMap contributors; Geofabrik","https://download.geofabrik.de/africa/somalia.html","https://download.geofabrik.de/africa/somalia-260926.osm.pbf","Somalia extract; retain supplied clipping polygon","Snapshot based on OSM data through 2026-09-26T20:22:51Z","Vector features and tags; positional accuracy/completeness vary","Roads; settlements; ports; airports; power lines/substations/generators where mapped","Geometry; tag-specific attributes; capacity only where stated in source tags","Open Database License 1.0; OpenStreetMap attribution; observe share-alike conditions","Publisher page and dated PBF link verified; no PBF downloaded","Access and corridor screening; candidate infrastructure inventory for cross-verification","PBF retains tags that free shapefile layers may omit. OSM is not a complete grid/capacity inventory; absence does not imply no asset. Observed PBF 164715457 bytes; latest URL is mutable."
"GEO-010","Population distribution","WorldPop Global 2 R2025A v1 Somalia constrained population 2025","WorldPop; University of Southampton","https://hub.worldpop.org/project/categories?id=3","https://data.worldpop.org/GIS/Population/Global_2015_2030/R2025A/2025/SOM/v1/100m/constrained/som_pop_2025_CN_100m_R2025A_v1.tif","Somalia country raster; global series covers countries and territories","Annual 2015-2030 estimates/projections; linked year 2025","100 m; separate 1 km products available","Population counts spatially allocated using covariates/building constraints","People per pixel; not people/km2","CC BY 4.0 with WorldPop release citation","Primary project pages and exact directory-listed TIFF URL verified; no population raster downloaded","Demand geography context and aggregation weights after defining model scope","Modeled estimates are not a new census; projected years are not observed counts. Constrained allocation can miss mobile/displaced populations or unmapped buildings. Population is not electricity consumption."
"GEO-011","Population distribution sensitivity","GHS-POP R2023A","European Commission Joint Research Centre","https://data.jrc.ec.europa.eu/dataset/2ff68a52-5b5b-4a22-8f40-c41da8332cfe","https://human-settlement.emergency.copernicus.eu/downloadWizard.php","Global; subset Somali administrative geography with correct grid/projection","1975-2020 estimates at 5-year intervals; 2025 and 2030 projections","100 m and 1 km Mollweide; 3 and 30 arcsec WGS84 distributions","Residential population count per cell","People/cell","European Commission reuse notice and acknowledgment requirement; inspect release terms","Primary catalog verified; download portal identified; no raster downloaded","Sensitivity comparison for spatial population allocation","Dasymetric population uses GPW and GHSL covariates and UN estimates. It is not independent ground enumeration and should not be averaged with WorldPop without reconciling national totals."
"GEO-012","Built environment","GHS-BUILT-S R2023A","European Commission Joint Research Centre","https://data.jrc.ec.europa.eu/dataset/9f06f36f-4b11-47ec-abb0-4f8b7b1d72ea","https://human-settlement.emergency.copernicus.eu/downloadWizard.php","Global built-up surface, including Somalia","1975-2030 five-year modeled series; 2018 observation anchor","10 m for 2018 anchor; 100 m/1 km aggregated time series","Total built-up surface; dominant non-residential built-up surface","m2 built surface per cell","European Commission reuse notice and acknowledgment requirement; inspect release terms","Primary catalog verified; no raster downloaded","Settlement clustering, siting context and non-residential geography cross-check","Interpolated/extrapolated dates are not all direct observations. Built-up area is not connected electrical load, floor area or measured consumption."
"GEO-013","Land cover","ESA WorldCover 2021 v200","European Space Agency; WorldCover consortium","https://esa-worldcover.org/en/data-access","https://doi.org/10.5281/zenodo.7254221","Global land; 3 by 3 degree tiles; EPSG:4326","2021; separately available 2020 v100","10 m","Eleven land-cover classes and quality metadata","Categorical land-cover code","CC BY 4.0","Official metadata, DOI and public S3 prefix verified; no tile downloaded","First-pass land-cover exclusions and land-use sensitivity","2020 and 2021 used different algorithm versions; differences are not solely land change. Global 76.7% accuracy is not Somalia-specific accuracy. Public prefix s3://esa-worldcover/v200/2021/map requires no signed request."
"GEO-014","Recent land cover","Dynamic World V1","Google; World Resources Institute","https://developers.google.com/earth-engine/datasets/catalog/GOOGLE_DYNAMICWORLD_V1","https://developers.google.com/earth-engine/datasets/catalog/GOOGLE_DYNAMICWORLD_V1","Global Sentinel-2 land observations; Somalia included","2015-06-27-present; scene-based","10 m","Nine class probabilities and most-probable class label","Probabilities 0-1; categorical label 0-8","CC BY 4.0; required attribution","Official Earth Engine catalog verified; account/export required; no data downloaded","Recent land-cover sensitivity and confidence-aware screening","Asset GOOGLE/DYNAMICWORLD/V1; define annual compositing and confidence threshold explicitly. Arid/high-reflectance surfaces can confuse classes; low-confidence label is not a definitive exclusion."
"GEO-015","Terrain and slope","Copernicus DEM GLO-30","European Union; ESA; Airbus; DLR","https://dataspace.copernicus.eu/explore-data/data-collections/copernicus-contributing-missions/collections-description/COP-DEM","https://copernicus-dem-30m.s3.amazonaws.com/readme.html","Global public GLO-30 distribution; check Somalia tile availability","Underlying observations and processing multi-year; AWS public copy identifies 2021 release","1 arcsec (~30 m)","Digital surface elevation; derive slope with suitable projection","Elevation m; derived slope degrees or percent as explicitly selected","Copernicus DEM custom free-use license and specified attribution; not generic CC BY","Provider and public hosting registry verified; no DEM tile downloaded","Slope, elevation and preliminary routing/siting constraints","Digital surface model includes buildings/vegetation, not a bare-earth terrain model. Pin release and vertical datum; public copies can differ from latest source. Not survey-grade engineering terrain."
"GEO-016","River network","HydroRIVERS v1.0 Africa","HydroSHEDS; WWF; McGill University partners","https://www.hydrosheds.org/products/hydrorivers","https://data.hydrosheds.org/file/HydroRIVERS/HydroRIVERS_v10_af_shp.zip","Africa, including Somalia and upstream transboundary catchments","Static v1.0 network with modeled long-term attributes","Vector reaches derived from 15 arcsec hydrography","River reach topology; length; catchment area; estimated long-term discharge","km; km2; m3/s according to attribute","HydroSHEDS custom license; free scientific/educational/commercial use stated; inspect redistribution terms before bundling","Primary product and linked Africa ZIP verified; raw ZIP not downloaded","River topology, hydrological catchment links and preliminary water-resource context","Includes reaches with catchment at least 10 km2 or estimated mean flow at least 0.1 m3/s. Estimated average discharge is not gauge time series or hydropower capacity."
"GEO-017","Catchment boundaries","HydroBASINS v1c Africa standard","HydroSHEDS; WWF; McGill University partners","https://www.hydrosheds.org/products/hydrobasins","https://data.hydrosheds.org/file/hydrobasins/standard/hybas_af_lev01-12_v1c.zip","Africa, including Juba/Shabelle upstream areas outside Somalia","Static v1c hydrographic delineation","Twelve nested levels derived from 15 arcsec hydrography","Catchment polygons; Pfafstetter codes; upstream/downstream topology","km2; categorical/network IDs","HydroSHEDS custom license; inspect redistribution terms before bundling","Primary metadata and download link verified; no file downloaded","Define transboundary drainage areas for climate and flow aggregation","Country-only clipping can remove relevant upstream rainfall/runoff. Basin boundaries do not establish legal water allocations, developable hydropower or reservoir operating rules."
"GEO-018","Observed river hydrology","Somalia National River Flow Archive station records","FAO SWALIM","https://snrfa.faoswalim.org/stations/","https://snrfa.faoswalim.org/stations/sh004/","Juba and Shabelle river stations; station-specific completeness","Some station histories start in 1951/1963; current daily portal with gaps and instrument failures","Point stations; daily observations where available","Water level; discharge when supplied; operational status","Level m; discharge should be m3/s and requires source field confirmation","No clear redistribution license confirmed on portal; obtain explicit terms before placing raw exports on public GitHub","Station list and example station page metadata verified; export/record validity not validated; no file downloaded","Observed hydrological validation and drought/flood constraints","Portal table appears to swap latitude/longitude labels and mislabels maximum-flow units. Bardheere failed after bridge loss in November 2023; Bualle marked nonfunctional after March 2024. Preserve gaps; water level cannot be treated as discharge."
"GEO-019","Observed climate and groundwater","SWALIM Climate Time Series stations","FAO SWALIM","https://climseries.faoswalim.org/station/","https://climseries.faoswalim.org/station/data/groups/","Somalia station network; AWS, manual rainfall, synoptic and groundwater groups","Historical records and network rebuilding since 2006; coverage varies by station","Point observations; frequency depends on station and instrument","Rainfall; temperature; humidity; wind; pressure; groundwater level/quality where recorded","Variable-specific; verify rainfall mm, temperatures, wind-height and groundwater datum","Portal redistribution terms not confirmed; registration/export availability must be resolved","Station/group metadata verified; export not validated; no station observations downloaded","Independent local calibration and climate/hydrology quality checks","Station coverage and continuity differ; do not infer a complete national time series from portal availability. Historical gaps, measurement height, coordinate order and sensor changes require review."
"GEO-020","Water infrastructure","Somalia Water Sources Information Management System","FAO SWALIM","https://swims.faoswalim.org/dashboard/view","https://swims.faoswalim.org/dashboard/view","Somalia water-source inventory; survey and update coverage varies","Record-specific survey/update dates; live portal","Point inventory with associated attributes","Boreholes; dug wells; dams; berkads; springs; other water sources; condition/status where recorded","Feature counts and source-specific physical attributes","No clear redistribution license confirmed; request permission/terms for raw export","Portal categories verified; export and record counts not validated; no file downloaded","Water availability context and site-constraint checks","Displayed inventory does not imply all sources are functional or current. Do not add water-pumping/desalination demand to the electricity model without separate scope and load evidence."
"GEO-021","Drought monitoring","SWALIM Combined Drought Index","FAO SWALIM","https://cdi.faoswalim.org/index/cdi","https://cdi.faoswalim.org/index/cdi","Somalia district-based reporting; provider district geography needs crosswalk","Portal historical/current series; index composition changed from early 2021","District/index period; confirm selected series frequency","Combined drought index; precipitation and temperature components; historical NDVI component","Dimensionless indices and categories","No clear redistribution license confirmed; verify CSV-export terms","Primary methodological notice and CSV-download interface verified; CSV not downloaded","Drought-year selection and regional climate stress context","Provider stopped using NDVI from early 2021 due poor correlation/false signals. Pre/post-2021 CDI cannot be assumed methodologically identical; current CDI is based on temperature and rainfall."
"GEO-022","Flood and river monitoring","SWALIM Flood Risk and Response Information Management System","FAO SWALIM","https://frrims.faoswalim.org/","https://frrims.faoswalim.org/","Somalia; Juba/Shabelle river corridors and associated forecast layers","Current/event-based; each layer has its own issue/validity date","Station/reach/event geometry; forecast grid depends on layer","River levels; breakages; flood advisories; 24-hour and seven-day rainfall forecasts; selected environmental layers","m for river level; mm for rainfall; categorical features; verify each layer","No clear redistribution license confirmed; resolve layer-specific rights","Live portal and layer descriptions verified; underlying exports not downloaded","Cross-check riverbank failure/flood constraints and event exposure","Keep observed breakages and measured levels separate from forecasts and simulated hazards. Do not freeze an undated live map as a historical observation."
"GEO-023","Surface water and wetland context","JRC Global Surface Water v1.5","European Commission JRC; Google","https://global-surface-water.appspot.com/download","https://global-surface-water.appspot.com/download","Global Landsat-derived water maps, including Somalia","Summary 1984-2024; v1.5 time-series additions 2022-2024 must be combined with legacy data as documented","30 m","Water occurrence; seasonality; transitions; extent; monthly/yearly history","Occurrence percent; seasonality months; categorical transitions/history","Copernicus free/full/open access acknowledgment terms; cite JRC/Google and product reference","Current download/version documentation verified; no raster downloaded","Surface-water masks and observed long-term water variability","Monthly recurrence bug reported for v1.4/v1.5 under sparse observations; registration between Landsat collections can differ by a pixel or more. Water occurrence is not flood return probability. Example asset projects/global-surface-water/assets/GSW1_5/Occurrence."
"GEO-024","Protected areas","Protected Planet Somalia WDPCA/WDPA country profile","UNEP-WCMC; IUCN; Protected Planet partners","https://www.protectedplanet.net/en/country/SOM","https://www.protectedplanet.net/en/legal","Somalia protected-area/OECM records as represented by provider","September 2026 country profile; database updated regularly","Current Somalia profile: 21 protected areas; 100% point records; 0% polygons; 0 OECMs","Designation; status; point locations; reported areas; management metadata","Counts; point coordinates; reported area units per record","Restricted non-commercial terms; redistribution/sub-licensing of data or derivatives prohibited without permission; see legal page","Country summary and current legal terms verified; raw data intentionally not downloaded or redistributed","Identify conservation evidence gaps and seek authoritative polygons","Points cannot create reliable exclusion footprints; reported area does not establish a polygon. Do not publish restricted raw or derivative spatial data on GitHub; metadata links only. Current WDPCA merges WDPA/OECM but some country labels remain WDPA."
"GEO-025","River flood hazard","JRC/CEMS GloFAS global river flood hazard v2.1.2","European Commission JRC; Copernicus Emergency Management Service","https://data.jrc.ec.europa.eu/dataset/jrc-floods-floodmapgl_rp50y-tif","https://jeodpp.jrc.ec.europa.eu/ftp/jrc-opendata/CEMS-GLOFAS/flood_hazard/","Global river-flood hazard excluding stated unsupported regions/small basins; use tile index to identify Somalia intersections","Static present-climate hazard; v2.1.2 files updated January 12 2026","3 arcsec (~90 m); ten-degree tiles","Flood depth for 10/20/50/75/100/200/500-year return periods; permanent-water/spurious-depth masks","Water depth m; recurrence interval years","CC BY 4.0 as stated by JRC catalog","Catalog, public directory and version README verified; no flood raster downloaded","Climate-resilience screening of candidate assets and corridors","Simulated hazard is not an event observation or official local flood map. Apply provider masks and inspect spurious depths; not a complete pluvial/coastal hazard model. Download tile_extents.geojson first to select Somalia tiles."
"GEO-026","Future river and coastal flood hazard","Aqueduct Floods Hazard Maps v2","World Resources Institute","https://www.wri.org/data/aqueduct-floods-hazard-maps","https://datasets.wri.org/datasets/aqueduct-floods-hazard-maps","Global riverine/coastal hazard; subset Somalia","Baseline 2010; scenario horizons 2030/2050/2080; published 2020 (later catalog updates are not new model runs)","Grid size must be confirmed for chosen layer/product","Flood depth by return period, climate scenario and coastal/river hazard","m; return period years","WRI Aqueduct data CC BY 4.0; retain selected product citation","Official research and catalog pages verified; no layer downloaded","Scenario sensitivity for flood-resilient energy siting","Scenario maps are projections, not predictions. Hazard layers do not themselves include flood protection according to provider; do not interpret as observed present losses."
"GEO-027","Nighttime activity proxy","VIIRS Black Marble VNP46A2 Collection 2","NASA; LAADS DAAC","https://ladsweb.modaps.eosdis.nasa.gov/missions-and-measurements/products/VNP46A2","https://ladsweb.modaps.eosdis.nasa.gov/archive/allData/5200/VNP46A2/","Global nighttime light tiles, including Somalia","2012-01-19-present; daily","15 arcsec (~500 m)","BRDF/lunar/atmosphere-corrected nighttime radiance; gap-filled radiance; quality/cloud flags","nW cm-2 sr-1; quality codes","NASA open-data access with product citation; no Creative Commons license asserted here","Official Collection 2 metadata and archive link verified; Earthdata access required; no granule downloaded","Cross-check electrification/activity geography and investigate temporal outages with supporting evidence","Light is not MW/MWh and cannot identify all electrified or rural loads. Separate measured and gap-filled values, apply cloud/quality flags and distinguish fires/flaring/stray light."
"GEO-028","Soils and land constraints","SoilGrids 2.0","ISRIC World Soil Information","https://docs.isric.org/globaldata/soilgrids/SoilGrids_faqs.html","https://files.isric.org/soilgrids/latest/data/","Global land predictions, including Somalia","Static modeled soil-property release; file-level release timestamp must be pinned","250 m; six standard depth intervals","Clay/silt/sand; organic carbon; bulk density; pH and other modeled properties; prediction quantiles","Property-specific scale factors: texture typically g/kg; inspect each layer conversion","CC BY 4.0","Official FAQs and WebDAV directory verified; REST API reported temporarily paused in January 2026 documentation; no raster downloaded","Preliminary environmental/land sensitivity and erosion context","Use VRT/WebDAV or WCS regional subset rather than assuming REST works. Predictions are not site geotechnical tests or foundations/bearing-capacity evidence; preserve uncertainty quantiles."
"GEO-029","Coastal terrain and bathymetry","GEBCO 2026 grid","GEBCO; IHO; IOC-UNESCO; BODC","https://www.gebco.net/data-products/gridded-bathymetry-data","https://download.gebco.net/","Global terrain/bathymetry; subset Somali coast if future scope requires","2026 release; contributing surveys have heterogeneous dates","15 arcsec","Elevation/bathymetry; Type Identifier source classifications","m elevation relative to documented vertical reference; TID categories","Public domain under GEBCO conditions of use and requested attribution","Official release page and CEDA archive path verified; no grid downloaded","Coastal environmental context; offshore screening only if separately authorized","Not navigation, engineering bathymetry or an established offshore energy study. Preserve TID and datum uncertainty, especially near shore. Global files are large; use subset tool."
"GEO-030","Observed flood-event extent","UNOSAT Somalia November 2023 flood extent FL20231105SOM","UNOSAT; SODMA/WFP catalog mirror","https://sodma-dev.okfn.org/dataset/floods-in-somalia-november-2023","https://unosat.org/static/unosat_filesystem/3726/FL20231105SOM_SHP.zip","Mapped Somalia flood-event areas only; not uniform nationwide coverage","November 2023 event; acquisition dates vary by mapped feature","Satellite-derived vector flood extent; sensor-dependent resolution","Observed flood polygons; acquisition/sensor fields; area attributes","Geometry; date; area_m2 when provided","Mirror labels Creative Commons Attribution Share-Alike; exact version must be checked in package","Official mirror metadata and UNOSAT-linked ZIP URL verified; no ZIP downloaded","Validate spatial plausibility of simulated flood exposure against a documented event","Map extent is acquisition-limited and water can be obscured/misclassified. Event extent does not establish a return period or all historical flood risk."
